abonnement_id;utilisateur_id;type_abonnement;date_debut;date_fin;prix;statut
1;1;ANNUEL;01/01/2026;31/12/2026;349.90;ACTIF
2;27;ANNUEL;06/04/2026;05/04/2027;297.41;ACTIF
5;28;MENSUEL;17/11/2024;16/12/2024;33.91;EXPIRE
6;28;ANNUEL;19/12/2024;18/12/2025;349.90;EXPIRE
7;28;TRIMESTRIEL;19/12/2025;18/03/2026;99.90;EXPIRE
8;28;PREMIUM;30/03/2026;29/03/2027;474.90;ACTIF
9;29;ANNUEL;07/03/2026;06/03/2027;297.41;ACTIF
11;30;MENSUEL;04/11/2024;03/12/2024;39.90;EXPIRE
12;30;PREMIUM;05/12/2024;04/12/2025;499.90;EXPIRE
13;30;TRIMESTRIEL;11/12/2025;10/03/2026;94.91;EXPIRE
14;30;ANNUEL;17/03/2026;16/03/2027;349.90;ACTIF
15;31;ANNUEL;17/07/2026;16/07/2027;349.90;ACTIF
16;32;MENSUEL;24/01/2025;22/02/2025;37.90;EXPIRE
17;32;MENSUEL;27/02/2025;28/03/2025;37.90;EXPIRE
18;32;ANNUEL;05/04/2025;04/04/2026;314.91;EXPIRE
19;32;TRIMESTRIEL;11/04/2026;09/07/2026;99.90;EXPIRE
20;32;PREMIUM;13/07/2026;12/07/2027;449.91;ACTIF
21;33;MENSUEL;10/12/2024;08/01/2025;33.91;EXPIRE
22;33;PREMIUM;17/01/2025;16/01/2026;499.90;EXPIRE
23;33;TRIMESTRIEL;28/01/2026;27/04/2026;94.91;EXPIRE
24;33;ANNUEL;29/04/2026;28/04/2027;349.90;ACTIF
25;34;ANNUEL;01/10/2024;30/09/2025;349.90;EXPIRE
26;34;MENSUEL;10/10/2025;08/11/2025;39.90;EXPIRE
27;34;ANNUEL;15/11/2025;14/11/2026;297.41;ACTIF
28;34;MENSUEL;22/11/2026;21/12/2026;39.90;EXPIRE
29;35;TRIMESTRIEL;31/03/2025;28/06/2025;99.90;EXPIRE
30;35;PREMIUM;08/07/2025;07/07/2026;499.90;EXPIRE
31;35;ANNUEL;15/07/2026;02/03/2027;349.90;ANNULE
32;36;MENSUEL;30/01/2026;28/02/2026;35.91;EXPIRE
33;36;ANNUEL;08/03/2026;07/03/2027;332.40;ACTIF
34;37;PREMIUM;15/01/2025;14/01/2026;499.90;EXPIRE
35;37;ANNUEL;22/01/2026;21/01/2027;332.40;ACTIF
36;38;PREMIUM;21/05/2025;20/05/2026;499.90;EXPIRE
37;38;ANNUEL;22/05/2026;21/05/2027;332.40;ACTIF
39;39;ANNUEL;07/05/2026;06/05/2027;349.90;ACTIF
40;40;ANNUEL;12/11/2024;11/11/2025;349.90;EXPIRE
41;40;TRIMESTRIEL;19/11/2025;16/02/2026;94.91;EXPIRE
42;40;MENSUEL;22/02/2026;23/03/2026;33.91;EXPIRE
43;40;PREMIUM;27/03/2026;28/02/2027;499.90;ANNULE
44;41;ANNUEL;25/02/2026;02/08/2026;297.41;ANNULE
45;42;ANNUEL;14/12/2024;13/12/2025;314.91;EXPIRE
46;42;ANNUEL;14/12/2025;13/12/2026;349.90;ACTIF
47;42;ANNUEL;18/12/2026;17/12/2027;332.40;EXPIRE
48;43;PREMIUM;08/12/2024;07/12/2025;474.90;EXPIRE
49;43;PREMIUM;18/12/2025;17/12/2026;449.91;ACTIF
50;43;ANNUEL;18/12/2026;17/12/2027;314.91;EXPIRE
51;44;PREMIUM;10/01/2026;09/01/2027;499.90;ACTIF
53;45;MENSUEL;03/06/2025;02/07/2025;37.90;EXPIRE
54;45;TRIMESTRIEL;10/07/2025;07/10/2025;89.91;EXPIRE
55;45;ANNUEL;14/10/2025;13/10/2026;349.90;ACTIF
56;45;MENSUEL;22/10/2026;20/11/2026;33.91;EXPIRE
57;45;ANNUEL;22/11/2026;21/11/2027;332.40;EXPIRE
58;46;TRIMESTRIEL;10/04/2025;08/07/2025;94.91;EXPIRE
59;46;ANNUEL;18/07/2025;17/07/2026;332.40;EXPIRE
60;46;TRIMESTRIEL;24/07/2026;17/08/2026;84.92;EXPIRE
61;47;PREMIUM;22/02/2026;21/02/2027;499.90;ACTIF
62;48;PREMIUM;08/05/2026;07/05/2027;449.91;ACTIF
63;49;TRIMESTRIEL;22/11/2025;19/02/2026;84.92;EXPIRE
64;49;TRIMESTRIEL;20/02/2026;20/05/2026;94.91;EXPIRE
65;49;TRIMESTRIEL;02/06/2026;30/08/2026;99.90;EXPIRE
66;49;MENSUEL;01/09/2026;30/09/2026;35.91;ACTIF
67;49;TRIMESTRIEL;11/10/2026;08/01/2027;94.91;EXPIRE
68;50;PREMIUM;03/04/2025;02/04/2026;474.90;EXPIRE
69;50;ANNUEL;15/04/2026;14/04/2027;349.90;ACTIF
70;51;ANNUEL;29/12/2024;28/12/2025;349.90;EXPIRE
71;51;TRIMESTRIEL;09/01/2026;08/04/2026;94.91;EXPIRE
72;51;TRIMESTRIEL;10/04/2026;08/07/2026;99.90;EXPIRE
73;51;ANNUEL;14/07/2026;13/07/2027;349.90;ACTIF
74;52;ANNUEL;28/11/2024;27/11/2025;349.90;EXPIRE
75;52;ANNUEL;10/12/2025;09/12/2026;314.91;ACTIF
76;52;ANNUEL;13/12/2026;12/12/2027;349.90;EXPIRE
77;53;TRIMESTRIEL;27/05/2025;24/08/2025;99.90;EXPIRE
78;53;MENSUEL;25/08/2025;23/09/2025;39.90;EXPIRE
79;53;TRIMESTRIEL;28/09/2025;26/12/2025;99.90;EXPIRE
80;53;ANNUEL;01/01/2026;31/12/2026;332.40;ACTIF
82;54;ANNUEL;26/10/2024;25/10/2025;297.41;EXPIRE
83;54;TRIMESTRIEL;06/11/2025;03/02/2026;99.90;EXPIRE
84;54;ANNUEL;16/02/2026;15/02/2027;297.41;ACTIF
86;55;PREMIUM;10/04/2025;09/04/2026;499.90;EXPIRE
87;55;PREMIUM;22/04/2026;21/04/2027;499.90;ACTIF
89;56;MENSUEL;16/12/2024;14/01/2025;37.90;EXPIRE
90;56;ANNUEL;27/01/2025;26/01/2026;349.90;EXPIRE
91;56;PREMIUM;04/02/2026;21/03/2026;499.90;EXPIRE
92;57;PREMIUM;24/05/2025;23/05/2026;499.90;EXPIRE
93;57;PREMIUM;26/05/2026;25/05/2027;499.90;ACTIF
94;58;TRIMESTRIEL;07/01/2025;06/04/2025;99.90;EXPIRE
95;58;ANNUEL;12/04/2025;11/04/2026;349.90;EXPIRE
96;58;ANNUEL;23/04/2026;22/04/2027;349.90;ACTIF
97;59;MENSUEL;08/08/2025;06/09/2025;33.91;EXPIRE
98;59;PREMIUM;12/09/2025;11/09/2026;499.90;EXPIRE
99;59;ANNUEL;18/09/2026;17/09/2027;314.91;ACTIF
100;60;ANNUEL;31/12/2025;30/12/2026;349.90;ACTIF
102;61;ANNUEL;06/09/2025;05/09/2026;349.90;EXPIRE
103;61;PREMIUM;13/09/2026;12/09/2027;499.90;ACTIF
104;62;ANNUEL;05/02/2026;04/02/2027;349.90;ACTIF
105;63;ANNUEL;29/08/2026;28/08/2027;314.91;ACTIF
106;64;ANNUEL;14/12/2024;13/12/2025;297.41;EXPIRE
107;64;ANNUEL;22/12/2025;21/12/2026;349.90;ACTIF
108;64;ANNUEL;28/12/2026;27/12/2027;332.40;EXPIRE
109;65;PREMIUM;02/03/2026;01/03/2027;499.90;ACTIF
110;66;ANNUEL;09/11/2024;08/11/2025;349.90;EXPIRE
111;66;TRIMESTRIEL;13/11/2025;10/02/2026;99.90;EXPIRE
112;66;ANNUEL;11/02/2026;10/02/2027;349.90;ACTIF
113;67;TRIMESTRIEL;15/11/2024;12/02/2025;99.90;EXPIRE
114;67;TRIMESTRIEL;20/02/2025;20/05/2025;94.91;EXPIRE
115;67;ANNUEL;28/05/2025;27/05/2026;314.91;EXPIRE
116;67;TRIMESTRIEL;07/06/2026;04/09/2026;89.91;EXPIRE
117;67;MENSUEL;16/09/2026;15/10/2026;39.90;ACTIF
118;67;MENSUEL;26/10/2026;24/11/2026;39.90;EXPIRE
119;68;TRIMESTRIEL;05/10/2024;02/01/2025;84.92;EXPIRE
120;68;PREMIUM;04/01/2025;03/01/2026;449.91;EXPIRE
121;68;PREMIUM;12/01/2026;02/09/2026;499.90;EXPIRE
122;69;TRIMESTRIEL;22/02/2025;22/05/2025;99.90;EXPIRE
123;69;ANNUEL;28/05/2025;27/05/2026;332.40;EXPIRE
124;69;ANNUEL;31/05/2026;27/01/2027;332.40;ANNULE
125;70;PREMIUM;25/04/2025;24/04/2026;499.90;EXPIRE
126;70;ANNUEL;05/05/2026;04/05/2027;314.91;ACTIF
127;71;TRIMESTRIEL;09/06/2026;01/09/2026;99.90;EXPIRE
128;72;ANNUEL;06/11/2024;05/11/2025;349.90;EXPIRE
129;72;ANNUEL;17/11/2025;16/11/2026;314.91;ACTIF
130;72;MENSUEL;17/11/2026;16/12/2026;39.90;EXPIRE
131;72;ANNUEL;23/12/2026;22/12/2027;349.90;EXPIRE
132;73;ANNUEL;23/05/2025;22/05/2026;332.40;EXPIRE
133;73;ANNUEL;26/05/2026;25/05/2027;332.40;ACTIF
134;74;MENSUEL;10/01/2025;08/02/2025;33.91;EXPIRE
135;74;ANNUEL;18/02/2025;17/02/2026;349.90;EXPIRE
136;74;TRIMESTRIEL;01/03/2026;29/05/2026;99.90;EXPIRE
137;74;ANNUEL;31/05/2026;30/05/2027;297.41;ACTIF
138;75;TRIMESTRIEL;17/05/2026;14/08/2026;84.92;EXPIRE
139;75;PREMIUM;24/08/2026;23/08/2027;499.90;ACTIF
140;76;ANNUEL;08/08/2025;07/08/2026;297.41;EXPIRE
141;76;MENSUEL;11/08/2026;09/09/2026;39.90;EXPIRE
142;76;PREMIUM;18/09/2026;17/09/2027;449.91;ACTIF
143;77;PREMIUM;01/03/2026;28/02/2027;499.90;ACTIF
144;78;ANNUEL;02/04/2026;01/04/2027;297.41;ACTIF
145;79;MENSUEL;22/12/2024;20/01/2025;39.90;EXPIRE
146;79;PREMIUM;25/01/2025;24/01/2026;499.90;EXPIRE
147;79;TRIMESTRIEL;31/01/2026;30/04/2026;89.91;EXPIRE
148;79;TRIMESTRIEL;11/05/2026;08/08/2026;99.90;EXPIRE
149;79;PREMIUM;13/08/2026;12/08/2027;499.90;ACTIF
150;80;MENSUEL;24/05/2025;22/06/2025;33.91;EXPIRE
151;80;ANNUEL;30/06/2025;29/06/2026;332.40;EXPIRE
152;80;TRIMESTRIEL;30/06/2026;27/09/2026;94.91;ACTIF
153;80;PREMIUM;06/10/2026;05/10/2027;474.90;EXPIRE
154;81;ANNUEL;23/10/2024;22/10/2025;314.91;EXPIRE
155;81;ANNUEL;02/11/2025;03/09/2026;349.90;EXPIRE
156;82;PREMIUM;19/11/2024;18/11/2025;499.90;EXPIRE
157;82;PREMIUM;21/11/2025;20/11/2026;499.90;ACTIF
158;82;PREMIUM;01/12/2026;30/11/2027;499.90;EXPIRE
159;83;TRIMESTRIEL;19/01/2026;18/04/2026;99.90;EXPIRE
160;83;MENSUEL;01/05/2026;30/05/2026;39.90;EXPIRE
161;83;MENSUEL;09/06/2026;08/07/2026;33.91;EXPIRE
162;83;TRIMESTRIEL;12/07/2026;09/10/2026;84.92;ACTIF
163;83;ANNUEL;17/10/2026;16/10/2027;332.40;EXPIRE
164;84;ANNUEL;22/01/2025;21/01/2026;332.40;EXPIRE
165;84;PREMIUM;02/02/2026;01/02/2027;499.90;ACTIF
167;85;ANNUEL;08/01/2025;07/01/2026;349.90;EXPIRE
168;85;MENSUEL;10/01/2026;08/02/2026;39.90;EXPIRE
169;85;MENSUEL;09/02/2026;10/03/2026;33.91;EXPIRE
170;85;MENSUEL;18/03/2026;16/04/2026;37.90;EXPIRE
171;85;ANNUEL;17/04/2026;16/04/2027;349.90;ACTIF
173;86;ANNUEL;04/04/2025;03/04/2026;349.90;EXPIRE
174;86;MENSUEL;13/04/2026;12/05/2026;39.90;EXPIRE
175;86;ANNUEL;25/05/2026;24/05/2027;314.91;ACTIF
176;87;PREMIUM;20/12/2025;19/12/2026;474.90;ACTIF
177;87;ANNUEL;28/12/2026;27/12/2027;349.90;EXPIRE
178;88;MENSUEL;03/08/2026;01/09/2026;33.91;EXPIRE
179;88;ANNUEL;02/09/2026;01/09/2027;332.40;ACTIF
180;89;TRIMESTRIEL;16/11/2025;13/02/2026;89.91;EXPIRE
181;89;MENSUEL;17/02/2026;09/03/2026;37.90;EXPIRE
182;90;ANNUEL;01/11/2025;09/07/2026;349.90;EXPIRE
183;91;ANNUEL;09/10/2024;08/10/2025;297.41;EXPIRE
184;91;TRIMESTRIEL;17/10/2025;14/01/2026;99.90;EXPIRE
185;91;ANNUEL;19/01/2026;18/01/2027;297.41;ACTIF
188;92;MENSUEL;13/11/2025;12/12/2025;37.90;EXPIRE
189;92;MENSUEL;23/12/2025;21/01/2026;39.90;EXPIRE
190;92;ANNUEL;02/02/2026;05/03/2026;297.41;EXPIRE
191;93;TRIMESTRIEL;26/03/2025;23/06/2025;99.90;EXPIRE
192;93;TRIMESTRIEL;05/07/2025;02/10/2025;99.90;EXPIRE
193;93;MENSUEL;05/10/2025;03/11/2025;35.91;EXPIRE
194;93;MENSUEL;06/11/2025;05/12/2025;35.91;EXPIRE
195;93;MENSUEL;17/12/2025;15/01/2026;35.91;EXPIRE
196;93;MENSUEL;20/01/2026;18/02/2026;39.90;EXPIRE
197;93;ANNUEL;14/06/2026;13/06/2027;349.90;ACTIF
198;94;TRIMESTRIEL;01/01/2025;31/03/2025;89.91;EXPIRE
199;94;TRIMESTRIEL;13/04/2025;11/07/2025;89.91;EXPIRE
200;94;PREMIUM;16/07/2025;15/07/2026;424.91;EXPIRE
201;94;PREMIUM;20/07/2026;19/07/2027;424.91;ACTIF
202;95;ANNUEL;28/12/2025;27/12/2026;349.90;ACTIF
203;96;TRIMESTRIEL;05/11/2024;02/02/2025;99.90;EXPIRE
204;96;MENSUEL;07/02/2025;08/03/2025;35.91;EXPIRE
205;96;ANNUEL;11/03/2025;10/03/2026;349.90;EXPIRE
206;96;ANNUEL;23/03/2026;22/03/2027;314.91;ACTIF
207;97;ANNUEL;05/12/2024;04/12/2025;349.90;EXPIRE
208;97;PREMIUM;15/12/2025;14/12/2026;499.90;ACTIF
209;97;ANNUEL;19/12/2026;18/12/2027;297.41;EXPIRE
210;98;ANNUEL;07/09/2025;06/09/2026;349.90;EXPIRE
211;98;ANNUEL;09/09/2026;08/09/2027;297.41;ACTIF
212;99;ANNUEL;28/08/2026;27/08/2027;349.90;ACTIF
213;100;ANNUEL;06/11/2025;05/11/2026;314.91;ACTIF
214;101;MENSUEL;16/04/2026;15/05/2026;39.90;EXPIRE
215;101;MENSUEL;22/05/2026;10/06/2026;39.90;EXPIRE
216;102;ANNUEL;09/01/2026;08/01/2027;297.41;ACTIF
218;103;ANNUEL;24/02/2025;23/02/2026;349.90;EXPIRE
219;103;MENSUEL;04/03/2026;02/04/2026;37.90;EXPIRE
220;103;TRIMESTRIEL;06/04/2026;04/07/2026;84.92;EXPIRE
221;103;PREMIUM;15/07/2026;14/07/2027;424.91;ACTIF
222;104;ANNUEL;02/05/2025;01/05/2026;314.91;EXPIRE
223;104;ANNUEL;08/05/2026;07/05/2027;314.91;ACTIF
224;105;ANNUEL;11/08/2026;08/09/2026;349.90;EXPIRE
225;106;TRIMESTRIEL;18/07/2025;15/10/2025;89.91;EXPIRE
226;106;ANNUEL;27/10/2025;26/10/2026;297.41;ACTIF
227;106;MENSUEL;04/11/2026;03/12/2026;39.90;EXPIRE
228;106;TRIMESTRIEL;05/12/2026;04/03/2027;99.90;EXPIRE
230;107;ANNUEL;26/03/2025;25/03/2026;349.90;EXPIRE
231;107;MENSUEL;29/03/2026;27/04/2026;33.91;EXPIRE
232;107;ANNUEL;04/05/2026;03/05/2027;314.91;ACTIF
234;108;ANNUEL;06/01/2026;14/04/2026;332.40;EXPIRE
235;109;MENSUEL;29/07/2025;27/08/2025;39.90;EXPIRE
236;109;MENSUEL;06/09/2025;05/10/2025;39.90;EXPIRE
237;109;MENSUEL;14/10/2025;12/11/2025;33.91;EXPIRE
238;109;TRIMESTRIEL;20/11/2025;17/02/2026;94.91;EXPIRE
239;109;ANNUEL;18/02/2026;17/02/2027;314.91;ACTIF
241;110;ANNUEL;01/05/2025;30/04/2026;297.41;EXPIRE
242;110;ANNUEL;11/05/2026;10/05/2027;349.90;ACTIF
244;111;ANNUEL;25/12/2024;24/12/2025;332.40;EXPIRE
245;111;TRIMESTRIEL;25/12/2025;24/03/2026;94.91;EXPIRE
246;111;PREMIUM;06/04/2026;05/04/2027;474.90;ACTIF
247;112;TRIMESTRIEL;01/10/2024;29/12/2024;94.91;EXPIRE
248;112;ANNUEL;30/12/2024;29/12/2025;297.41;EXPIRE
249;112;ANNUEL;30/12/2025;29/12/2026;332.40;ACTIF
251;113;ANNUEL;23/08/2026;22/08/2027;349.90;ACTIF
252;114;ANNUEL;13/11/2024;12/11/2025;349.90;EXPIRE
253;114;ANNUEL;21/11/2025;20/11/2026;332.40;ACTIF
254;114;PREMIUM;30/11/2026;29/11/2027;424.91;EXPIRE
255;115;ANNUEL;13/04/2025;12/04/2026;349.90;EXPIRE
256;115;ANNUEL;22/04/2026;21/04/2027;349.90;ACTIF
258;116;PREMIUM;03/01/2026;02/01/2027;499.90;ACTIF
259;117;PREMIUM;15/02/2026;28/04/2026;449.91;EXPIRE
260;118;ANNUEL;20/02/2025;19/02/2026;349.90;EXPIRE
261;118;MENSUEL;22/02/2026;23/03/2026;35.91;EXPIRE
262;118;TRIMESTRIEL;04/04/2026;02/07/2026;89.91;EXPIRE
263;118;PREMIUM;05/07/2026;11/02/2027;499.90;ANNULE
264;119;ANNUEL;28/06/2026;27/06/2027;314.91;ACTIF
265;120;TRIMESTRIEL;13/06/2025;10/09/2025;84.92;EXPIRE
266;120;TRIMESTRIEL;19/09/2025;17/12/2025;89.91;EXPIRE
267;120;MENSUEL;28/12/2025;26/01/2026;33.91;EXPIRE
268;120;ANNUEL;05/02/2026;19/06/2026;349.90;EXPIRE
269;121;TRIMESTRIEL;10/01/2026;09/04/2026;99.90;EXPIRE
270;121;TRIMESTRIEL;19/04/2026;17/07/2026;94.91;EXPIRE
271;121;TRIMESTRIEL;21/07/2026;18/10/2026;99.90;ACTIF
272;121;MENSUEL;23/10/2026;21/11/2026;39.90;EXPIRE
273;121;PREMIUM;25/11/2026;24/11/2027;499.90;EXPIRE
274;122;ANNUEL;21/06/2025;20/06/2026;349.90;EXPIRE
275;122;ANNUEL;29/06/2026;28/06/2027;332.40;ACTIF
276;123;ANNUEL;18/03/2026;18/11/2026;349.90;ANNULE
277;124;ANNUEL;09/02/2025;08/02/2026;314.91;EXPIRE
278;124;ANNUEL;09/02/2026;08/02/2027;332.40;ACTIF
281;125;ANNUEL;14/08/2026;13/08/2027;349.90;ACTIF
282;126;ANNUEL;22/07/2026;21/07/2027;349.90;ACTIF
283;127;ANNUEL;14/02/2025;13/02/2026;349.90;EXPIRE
284;127;ANNUEL;25/02/2026;24/02/2027;332.40;ACTIF
285;128;ANNUEL;22/11/2024;21/11/2025;332.40;EXPIRE
286;128;ANNUEL;30/11/2025;29/11/2026;332.40;ACTIF
287;128;TRIMESTRIEL;05/12/2026;04/03/2027;99.90;EXPIRE
289;129;ANNUEL;05/06/2025;04/06/2026;349.90;EXPIRE
290;129;ANNUEL;07/06/2026;06/06/2027;349.90;ACTIF
291;130;ANNUEL;01/12/2025;30/11/2026;314.91;ACTIF
292;130;PREMIUM;03/12/2026;02/12/2027;499.90;EXPIRE
293;131;ANNUEL;12/01/2025;11/01/2026;349.90;EXPIRE
294;131;TRIMESTRIEL;16/01/2026;15/04/2026;99.90;EXPIRE
295;131;MENSUEL;21/04/2026;20/05/2026;39.90;EXPIRE
296;131;MENSUEL;21/05/2026;19/06/2026;39.90;EXPIRE
297;131;ANNUEL;28/06/2026;01/01/2027;349.90;ANNULE
298;132;PREMIUM;16/01/2025;15/01/2026;424.91;EXPIRE
299;132;ANNUEL;22/01/2026;26/02/2026;332.40;EXPIRE
300;133;ANNUEL;27/11/2024;26/11/2025;349.90;EXPIRE
301;133;PREMIUM;02/12/2025;23/09/2026;499.90;ANNULE
302;134;ANNUEL;06/11/2024;05/11/2025;332.40;EXPIRE
303;134;TRIMESTRIEL;13/11/2025;10/02/2026;99.90;EXPIRE
304;134;ANNUEL;22/02/2026;29/08/2026;349.90;EXPIRE
305;135;PREMIUM;15/10/2024;14/10/2025;499.90;EXPIRE
306;135;PREMIUM;24/10/2025;23/10/2026;424.91;ACTIF
307;135;PREMIUM;31/10/2026;30/10/2027;449.91;EXPIRE
308;136;TRIMESTRIEL;25/12/2025;24/03/2026;89.91;EXPIRE
309;136;PREMIUM;27/03/2026;26/03/2027;499.90;ACTIF
312;138;PREMIUM;03/02/2025;02/02/2026;499.90;EXPIRE
313;138;PREMIUM;03/02/2026;02/02/2027;499.90;ACTIF
315;140;ANNUEL;29/05/2026;28/05/2027;314.91;ACTIF
316;141;MENSUEL;13/03/2025;11/04/2025;39.90;EXPIRE
317;141;ANNUEL;16/04/2025;15/04/2026;349.90;EXPIRE
318;141;TRIMESTRIEL;25/04/2026;23/07/2026;89.91;EXPIRE
319;141;ANNUEL;28/07/2026;27/07/2027;349.90;ACTIF
320;142;TRIMESTRIEL;12/06/2025;09/09/2025;99.90;EXPIRE
321;142;PREMIUM;19/09/2025;07/07/2026;449.91;EXPIRE
322;143;PREMIUM;10/10/2024;09/10/2025;499.90;EXPIRE
323;143;ANNUEL;18/10/2025;17/10/2026;349.90;ACTIF
324;143;MENSUEL;24/10/2026;22/11/2026;39.90;EXPIRE
325;143;MENSUEL;27/11/2026;26/12/2026;35.91;EXPIRE
327;144;ANNUEL;08/10/2024;07/10/2025;297.41;EXPIRE
328;144;PREMIUM;09/10/2025;08/10/2026;499.90;ACTIF
329;144;MENSUEL;15/10/2026;13/11/2026;33.91;EXPIRE
330;144;MENSUEL;21/11/2026;20/12/2026;39.90;EXPIRE
331;145;ANNUEL;17/02/2026;16/02/2027;314.91;ACTIF
332;146;ANNUEL;13/11/2024;12/11/2025;297.41;EXPIRE
333;146;PREMIUM;25/11/2025;31/07/2026;499.90;EXPIRE
334;147;ANNUEL;22/07/2025;21/07/2026;314.91;EXPIRE
335;147;ANNUEL;31/07/2026;30/07/2027;332.40;ACTIF
336;148;TRIMESTRIEL;24/08/2025;21/11/2025;94.91;EXPIRE
337;148;ANNUEL;30/11/2025;29/11/2026;297.41;ACTIF
338;148;ANNUEL;11/12/2026;10/12/2027;314.91;EXPIRE
339;149;ANNUEL;07/12/2024;06/12/2025;349.90;EXPIRE
340;149;TRIMESTRIEL;16/12/2025;15/03/2026;99.90;EXPIRE
341;149;ANNUEL;22/03/2026;23/09/2026;349.90;ANNULE
342;150;TRIMESTRIEL;25/06/2026;22/09/2026;99.90;ACTIF
343;150;MENSUEL;05/10/2026;03/11/2026;39.90;EXPIRE
344;150;TRIMESTRIEL;14/11/2026;11/02/2027;99.90;EXPIRE
346;151;ANNUEL;06/05/2025;03/03/2026;349.90;EXPIRE
347;152;PREMIUM;26/04/2026;25/04/2027;449.91;ACTIF
349;153;PREMIUM;15/11/2024;14/11/2025;499.90;EXPIRE
350;153;MENSUEL;22/11/2025;21/12/2025;39.90;EXPIRE
351;153;ANNUEL;27/12/2025;01/10/2026;314.91;ANNULE
352;154;PREMIUM;27/07/2026;26/07/2027;424.91;ACTIF
353;155;ANNUEL;18/11/2025;17/11/2026;297.41;ACTIF
354;155;ANNUEL;23/11/2026;22/11/2027;349.90;EXPIRE
355;156;PREMIUM;12/07/2025;11/07/2026;499.90;EXPIRE
356;156;MENSUEL;19/07/2026;17/08/2026;39.90;EXPIRE
357;156;TRIMESTRIEL;24/08/2026;21/11/2026;89.91;ACTIF
358;156;TRIMESTRIEL;26/11/2026;23/02/2027;99.90;EXPIRE
359;157;ANNUEL;02/01/2025;01/01/2026;349.90;EXPIRE
360;157;ANNUEL;02/01/2026;01/01/2027;332.40;ACTIF
362;158;ANNUEL;02/07/2026;01/07/2027;349.90;ACTIF
363;159;ANNUEL;03/02/2025;02/02/2026;332.40;EXPIRE
364;159;ANNUEL;15/02/2026;14/02/2027;297.41;ACTIF
366;160;MENSUEL;04/03/2025;02/04/2025;33.91;EXPIRE
367;160;ANNUEL;03/04/2025;02/04/2026;297.41;EXPIRE
368;160;TRIMESTRIEL;12/04/2026;03/05/2026;89.91;EXPIRE
369;161;ANNUEL;11/01/2025;10/01/2026;349.90;EXPIRE
370;161;ANNUEL;13/01/2026;12/01/2027;349.90;ACTIF
372;162;TRIMESTRIEL;15/04/2026;13/07/2026;89.91;EXPIRE
373;162;ANNUEL;23/07/2026;22/07/2027;297.41;ACTIF
374;163;TRIMESTRIEL;03/03/2025;31/05/2025;99.90;EXPIRE
375;163;ANNUEL;06/06/2025;05/06/2026;349.90;EXPIRE
376;163;MENSUEL;10/06/2026;09/07/2026;39.90;EXPIRE
377;163;ANNUEL;20/07/2026;19/07/2027;297.41;ACTIF
378;164;TRIMESTRIEL;01/05/2025;29/07/2025;84.92;EXPIRE
379;164;MENSUEL;05/08/2025;03/09/2025;39.90;EXPIRE
380;164;TRIMESTRIEL;07/09/2025;05/12/2025;94.91;EXPIRE
381;164;ANNUEL;09/12/2025;30/08/2026;349.90;ANNULE
382;165;PREMIUM;17/10/2024;16/10/2025;449.91;EXPIRE
383;165;ANNUEL;21/10/2025;20/10/2026;297.41;ACTIF
384;165;PREMIUM;24/10/2026;23/10/2027;499.90;EXPIRE
385;166;TRIMESTRIEL;05/03/2026;02/06/2026;99.90;EXPIRE
386;166;TRIMESTRIEL;04/06/2026;01/09/2026;99.90;EXPIRE
387;166;ANNUEL;10/09/2026;09/09/2027;349.90;ACTIF
388;167;ANNUEL;10/04/2025;09/04/2026;332.40;EXPIRE
389;167;ANNUEL;14/04/2026;16/08/2026;349.90;ANNULE
390;168;ANNUEL;23/11/2024;22/11/2025;349.90;EXPIRE
391;168;ANNUEL;26/11/2025;25/11/2026;314.91;ACTIF
392;168;MENSUEL;07/12/2026;05/01/2027;39.90;EXPIRE
395;169;ANNUEL;02/01/2026;01/01/2027;349.90;ACTIF
396;170;ANNUEL;22/04/2025;21/04/2026;349.90;EXPIRE
397;170;TRIMESTRIEL;02/05/2026;30/07/2026;94.91;EXPIRE
398;170;ANNUEL;06/08/2026;05/08/2027;349.90;ACTIF
399;171;ANNUEL;08/02/2025;07/02/2026;349.90;EXPIRE
400;171;ANNUEL;15/02/2026;19/04/2026;349.90;EXPIRE
401;172;MENSUEL;05/12/2024;03/01/2025;35.91;EXPIRE
402;172;MENSUEL;09/01/2025;07/02/2025;39.90;EXPIRE
403;172;MENSUEL;18/02/2025;19/03/2025;39.90;EXPIRE
404;172;TRIMESTRIEL;27/03/2025;24/06/2025;99.90;EXPIRE
405;172;MENSUEL;29/06/2025;28/07/2025;33.91;EXPIRE
406;172;PREMIUM;04/08/2025;03/08/2026;449.91;EXPIRE
407;172;ANNUEL;16/07/2026;15/07/2027;349.90;ACTIF
408;173;ANNUEL;20/08/2026;19/08/2027;332.40;ACTIF
409;174;ANNUEL;26/11/2024;25/11/2025;349.90;EXPIRE
410;174;ANNUEL;29/11/2025;28/11/2026;332.40;ACTIF
411;174;ANNUEL;01/12/2026;30/11/2027;314.91;EXPIRE
412;175;TRIMESTRIEL;03/12/2024;02/03/2025;84.92;EXPIRE
413;175;ANNUEL;14/03/2025;13/03/2026;349.90;EXPIRE
414;175;ANNUEL;18/03/2026;17/03/2027;314.91;ACTIF
415;176;MENSUEL;27/11/2024;26/12/2024;35.91;EXPIRE
416;176;ANNUEL;28/12/2024;27/12/2025;332.40;EXPIRE
417;176;MENSUEL;05/01/2026;03/02/2026;37.90;EXPIRE
418;176;ANNUEL;07/02/2026;06/02/2027;349.90;ACTIF
420;177;TRIMESTRIEL;24/02/2025;24/05/2025;89.91;EXPIRE
421;177;ANNUEL;25/05/2025;24/05/2026;349.90;EXPIRE
422;177;ANNUEL;30/05/2026;29/05/2027;349.90;ACTIF
423;178;ANNUEL;17/01/2026;16/01/2027;297.41;ACTIF
424;179;ANNUEL;28/11/2024;27/11/2025;349.90;EXPIRE
425;179;TRIMESTRIEL;10/12/2025;09/03/2026;94.91;EXPIRE
426;179;ANNUEL;20/03/2026;08/05/2026;314.91;EXPIRE
427;180;MENSUEL;08/03/2025;06/04/2025;37.90;EXPIRE
428;180;ANNUEL;07/04/2025;06/04/2026;349.90;EXPIRE
429;180;ANNUEL;11/04/2026;10/04/2027;349.90;ACTIF
430;181;MENSUEL;21/11/2024;20/12/2024;39.90;EXPIRE
431;181;MENSUEL;02/01/2025;31/01/2025;33.91;EXPIRE
432;181;ANNUEL;06/02/2025;05/02/2026;349.90;EXPIRE
433;181;PREMIUM;18/02/2026;17/02/2027;449.91;ACTIF
436;182;ANNUEL;03/02/2025;02/02/2026;314.91;EXPIRE
437;182;ANNUEL;15/02/2026;14/02/2027;314.91;ACTIF
439;183;ANNUEL;27/12/2025;03/05/2026;332.40;EXPIRE
440;184;ANNUEL;20/02/2025;19/02/2026;297.41;EXPIRE
441;184;ANNUEL;02/03/2026;01/03/2027;349.90;ACTIF
443;185;PREMIUM;29/08/2025;28/08/2026;449.91;EXPIRE
444;185;ANNUEL;07/09/2026;06/09/2027;297.41;ACTIF
445;187;ANNUEL;28/01/2025;27/01/2026;314.91;EXPIRE
446;187;MENSUEL;03/02/2026;04/03/2026;39.90;EXPIRE
447;187;ANNUEL;07/03/2026;06/03/2027;349.90;ACTIF
449;188;ANNUEL;08/11/2024;07/11/2025;349.90;EXPIRE
450;188;TRIMESTRIEL;20/11/2025;17/02/2026;94.91;EXPIRE
451;188;TRIMESTRIEL;24/02/2026;24/05/2026;84.92;EXPIRE
452;188;PREMIUM;29/05/2026;03/12/2026;499.90;ANNULE
453;189;PREMIUM;07/12/2025;06/12/2026;474.90;ACTIF
454;190;PREMIUM;25/05/2025;24/05/2026;474.90;EXPIRE
455;190;ANNUEL;01/06/2026;03/06/2026;297.41;EXPIRE
456;191;ANNUEL;26/09/2025;25/09/2026;349.90;ACTIF
457;191;TRIMESTRIEL;26/09/2026;24/12/2026;84.92;EXPIRE
459;192;ANNUEL;04/09/2025;03/09/2026;297.41;EXPIRE
460;192;ANNUEL;07/09/2026;06/09/2027;349.90;ACTIF
461;193;TRIMESTRIEL;05/02/2025;05/05/2025;89.91;EXPIRE
462;193;TRIMESTRIEL;17/05/2025;14/08/2025;94.91;EXPIRE
463;193;TRIMESTRIEL;15/08/2025;12/11/2025;89.91;EXPIRE
464;193;PREMIUM;13/11/2025;12/11/2026;499.90;ACTIF
465;193;MENSUEL;22/11/2026;21/12/2026;39.90;EXPIRE
466;193;PREMIUM;23/12/2026;22/12/2027;499.90;EXPIRE
467;194;ANNUEL;23/10/2024;22/10/2025;349.90;EXPIRE
468;194;TRIMESTRIEL;28/10/2025;25/01/2026;89.91;EXPIRE
469;194;ANNUEL;29/01/2026;28/01/2027;349.90;ACTIF
472;195;TRIMESTRIEL;26/11/2024;23/02/2025;84.92;EXPIRE
473;195;ANNUEL;27/02/2025;26/02/2026;297.41;EXPIRE
474;195;MENSUEL;08/03/2026;06/04/2026;33.91;EXPIRE
475;195;PREMIUM;12/04/2026;02/01/2027;449.91;ANNULE
476;196;TRIMESTRIEL;05/04/2025;03/07/2025;89.91;EXPIRE
477;196;TRIMESTRIEL;05/07/2025;02/10/2025;99.90;EXPIRE
478;196;ANNUEL;09/10/2025;15/04/2026;349.90;EXPIRE
479;197;ANNUEL;31/01/2026;26/12/2026;314.91;ANNULE
480;198;ANNUEL;05/10/2024;04/10/2025;332.40;EXPIRE
481;198;ANNUEL;17/10/2025;16/10/2026;349.90;ACTIF
482;198;PREMIUM;23/10/2026;22/10/2027;424.91;EXPIRE
483;199;TRIMESTRIEL;02/02/2025;02/05/2025;99.90;EXPIRE
484;199;MENSUEL;15/05/2025;13/06/2025;39.90;EXPIRE
485;199;PREMIUM;17/06/2025;16/06/2026;499.90;EXPIRE
486;199;TRIMESTRIEL;28/06/2026;25/09/2026;99.90;ACTIF
487;199;ANNUEL;04/10/2026;03/10/2027;349.90;EXPIRE
488;200;ANNUEL;19/06/2025;18/06/2026;349.90;EXPIRE
489;200;ANNUEL;30/06/2026;29/06/2027;314.91;ACTIF
490;201;ANNUEL;22/08/2026;21/08/2027;349.90;ACTIF
491;202;MENSUEL;09/04/2025;08/05/2025;35.91;EXPIRE
492;202;ANNUEL;14/05/2025;13/05/2026;314.91;EXPIRE
493;202;TRIMESTRIEL;26/05/2026;23/08/2026;84.92;EXPIRE
494;202;PREMIUM;05/09/2026;04/09/2027;449.91;ACTIF
495;203;ANNUEL;16/07/2026;15/07/2027;349.90;ACTIF
497;204;ANNUEL;28/11/2024;27/11/2025;332.40;EXPIRE
498;204;MENSUEL;04/12/2025;02/01/2026;39.90;EXPIRE
499;204;PREMIUM;06/01/2026;05/01/2027;474.90;ACTIF
501;205;TRIMESTRIEL;08/06/2026;05/09/2026;99.90;EXPIRE
502;205;MENSUEL;11/09/2026;10/10/2026;39.90;ACTIF
503;205;PREMIUM;11/10/2026;10/10/2027;499.90;EXPIRE
504;207;MENSUEL;02/01/2025;31/01/2025;39.90;EXPIRE
505;207;ANNUEL;09/02/2025;08/02/2026;349.90;EXPIRE
506;207;TRIMESTRIEL;11/02/2026;11/05/2026;99.90;EXPIRE
507;207;MENSUEL;13/05/2026;11/06/2026;37.90;EXPIRE
508;207;TRIMESTRIEL;17/06/2026;14/09/2026;99.90;EXPIRE
509;207;ANNUEL;27/09/2026;26/09/2027;297.41;EXPIRE
510;207;ANNUEL;08/08/2026;07/08/2027;349.90;ACTIF
511;208;MENSUEL;26/08/2026;24/09/2026;39.90;ACTIF
512;208;ANNUEL;29/09/2026;28/09/2027;349.90;EXPIRE
513;209;TRIMESTRIEL;12/05/2025;09/08/2025;94.91;EXPIRE
514;209;ANNUEL;20/08/2025;19/08/2026;314.91;EXPIRE
515;209;PREMIUM;22/08/2026;21/08/2027;474.90;ACTIF
516;210;ANNUEL;28/12/2025;27/12/2026;349.90;ACTIF
519;211;ANNUEL;04/04/2026;03/04/2027;349.90;ACTIF
520;212;TRIMESTRIEL;25/03/2026;22/06/2026;99.90;EXPIRE
521;212;ANNUEL;26/06/2026;25/06/2027;349.90;ACTIF
522;213;ANNUEL;05/11/2024;04/11/2025;349.90;EXPIRE
523;213;MENSUEL;15/11/2025;14/12/2025;39.90;EXPIRE
524;213;ANNUEL;18/12/2025;17/12/2026;297.41;ACTIF
525;213;TRIMESTRIEL;26/12/2026;25/03/2027;89.91;EXPIRE
528;214;TRIMESTRIEL;06/06/2025;03/09/2025;99.90;EXPIRE
529;214;MENSUEL;08/09/2025;07/10/2025;39.90;EXPIRE
530;214;ANNUEL;16/10/2025;15/10/2026;349.90;ACTIF
531;214;ANNUEL;17/10/2026;16/10/2027;332.40;EXPIRE
532;215;PREMIUM;04/04/2026;03/04/2027;499.90;ACTIF
533;216;PREMIUM;08/05/2025;07/05/2026;499.90;EXPIRE
534;216;ANNUEL;08/05/2026;07/05/2027;297.41;ACTIF
536;217;ANNUEL;01/05/2026;16/07/2026;332.40;EXPIRE
537;218;TRIMESTRIEL;20/01/2026;19/04/2026;94.91;EXPIRE
538;218;ANNUEL;20/04/2026;19/04/2027;349.90;ACTIF
539;219;ANNUEL;13/11/2024;12/11/2025;349.90;EXPIRE
540;219;ANNUEL;19/11/2025;18/11/2026;349.90;ACTIF
541;219;ANNUEL;29/11/2026;28/11/2027;349.90;EXPIRE
542;221;ANNUEL;30/06/2026;25/07/2026;314.91;EXPIRE
543;223;PREMIUM;17/03/2025;04/02/2026;499.90;EXPIRE
544;224;ANNUEL;19/12/2024;18/12/2025;332.40;EXPIRE
545;224;ANNUEL;24/12/2025;23/12/2026;314.91;ACTIF
546;225;TRIMESTRIEL;14/10/2024;11/01/2025;94.91;EXPIRE
547;225;MENSUEL;22/01/2025;20/02/2025;33.91;EXPIRE
548;225;ANNUEL;24/02/2025;23/02/2026;349.90;EXPIRE
549;225;PREMIUM;07/03/2026;06/03/2027;474.90;ACTIF
551;226;MENSUEL;20/12/2024;18/01/2025;33.91;EXPIRE
552;226;ANNUEL;23/01/2025;22/01/2026;297.41;EXPIRE
553;226;ANNUEL;27/01/2026;26/01/2027;349.90;ACTIF
555;227;ANNUEL;13/08/2026;12/08/2027;349.90;ACTIF
556;228;ANNUEL;08/06/2025;07/06/2026;314.91;EXPIRE
557;228;TRIMESTRIEL;13/06/2026;10/09/2026;84.92;EXPIRE
558;228;TRIMESTRIEL;16/09/2026;14/12/2026;99.90;ACTIF
559;228;TRIMESTRIEL;26/12/2026;25/03/2027;99.90;EXPIRE
560;229;ANNUEL;25/03/2026;24/03/2027;297.41;ACTIF
561;230;ANNUEL;13/04/2025;12/04/2026;332.40;EXPIRE
562;230;PREMIUM;16/04/2026;17/07/2026;499.90;EXPIRE
563;231;PREMIUM;01/10/2024;30/09/2025;449.91;EXPIRE
564;231;MENSUEL;04/10/2025;02/11/2025;37.90;EXPIRE
565;231;ANNUEL;09/11/2025;08/11/2026;349.90;ACTIF
566;231;ANNUEL;17/11/2026;16/11/2027;314.91;EXPIRE
567;232;ANNUEL;16/12/2025;05/01/2026;349.90;EXPIRE
568;233;MENSUEL;13/06/2026;12/07/2026;33.91;EXPIRE
569;233;TRIMESTRIEL;18/07/2026;15/10/2026;99.90;ACTIF
570;233;ANNUEL;23/10/2026;22/10/2027;314.91;EXPIRE
571;234;PREMIUM;19/02/2025;18/02/2026;499.90;EXPIRE
572;234;ANNUEL;19/02/2026;18/02/2027;349.90;ACTIF
574;235;MENSUEL;02/01/2025;31/01/2025;39.90;EXPIRE
575;235;PREMIUM;11/02/2025;10/02/2026;499.90;EXPIRE
576;235;ANNUEL;15/02/2026;20/03/2026;332.40;EXPIRE
577;236;ANNUEL;21/08/2026;20/08/2027;349.90;ACTIF
578;237;PREMIUM;03/11/2025;11/01/2026;499.90;EXPIRE
579;238;ANNUEL;10/08/2025;09/08/2026;297.41;EXPIRE
580;238;PREMIUM;12/08/2026;11/08/2027;499.90;ACTIF
581;239;TRIMESTRIEL;10/03/2025;07/06/2025;94.91;EXPIRE
582;239;ANNUEL;09/06/2025;08/06/2026;332.40;EXPIRE
583;239;PREMIUM;09/06/2026;08/06/2027;449.91;ACTIF
584;240;ANNUEL;04/11/2024;03/11/2025;297.41;EXPIRE
585;240;ANNUEL;04/11/2025;03/11/2026;314.91;ACTIF
586;240;MENSUEL;16/11/2026;15/12/2026;39.90;EXPIRE
587;240;MENSUEL;27/12/2026;25/01/2027;33.91;EXPIRE
589;241;ANNUEL;24/12/2024;23/12/2025;332.40;EXPIRE
590;241;PREMIUM;26/12/2025;25/12/2026;449.91;ACTIF
592;242;ANNUEL;18/06/2025;17/06/2026;297.41;EXPIRE
593;242;ANNUEL;21/06/2026;20/06/2027;332.40;ACTIF
594;243;TRIMESTRIEL;12/05/2025;09/08/2025;89.91;EXPIRE
595;243;ANNUEL;13/08/2025;12/08/2026;349.90;EXPIRE
596;243;ANNUEL;17/08/2026;16/08/2027;332.40;ACTIF
597;244;PREMIUM;17/02/2025;16/02/2026;424.91;EXPIRE
598;244;TRIMESTRIEL;01/03/2026;29/05/2026;99.90;EXPIRE
599;244;MENSUEL;11/06/2026;10/07/2026;39.90;EXPIRE
600;244;ANNUEL;19/07/2026;18/07/2027;314.91;ACTIF
601;245;PREMIUM;17/10/2024;16/10/2025;424.91;EXPIRE
602;245;ANNUEL;23/10/2025;19/06/2026;332.40;EXPIRE
603;246;PREMIUM;26/06/2026;25/06/2027;499.90;ACTIF
605;247;TRIMESTRIEL;03/03/2025;31/05/2025;84.92;EXPIRE
606;247;PREMIUM;12/06/2025;11/06/2026;499.90;EXPIRE
607;247;MENSUEL;14/06/2026;13/07/2026;33.91;EXPIRE
608;247;ANNUEL;16/07/2026;15/07/2027;332.40;ACTIF
610;248;PREMIUM;13/02/2025;12/02/2026;499.90;EXPIRE
611;248;ANNUEL;25/02/2026;24/02/2027;349.90;ACTIF
613;249;ANNUEL;28/08/2026;27/08/2027;349.90;ACTIF
614;250;ANNUEL;16/05/2025;15/05/2026;332.40;EXPIRE
615;250;TRIMESTRIEL;25/05/2026;07/08/2026;99.90;EXPIRE
616;251;TRIMESTRIEL;27/04/2025;25/07/2025;94.91;EXPIRE
617;251;PREMIUM;28/07/2025;27/07/2026;449.91;EXPIRE
618;251;PREMIUM;07/08/2026;06/08/2027;474.90;ACTIF
619;252;PREMIUM;13/03/2025;12/03/2026;449.91;EXPIRE
620;252;MENSUEL;19/03/2026;17/04/2026;39.90;EXPIRE
621;252;ANNUEL;27/04/2026;26/04/2027;297.41;ACTIF
622;253;MENSUEL;24/03/2025;22/04/2025;39.90;EXPIRE
623;253;TRIMESTRIEL;23/04/2025;21/07/2025;94.91;EXPIRE
624;253;ANNUEL;03/08/2025;20/03/2026;332.40;EXPIRE
625;254;ANNUEL;18/04/2025;17/04/2026;332.40;EXPIRE
626;254;MENSUEL;20/04/2026;19/05/2026;39.90;EXPIRE
627;254;PREMIUM;24/05/2026;10/02/2027;424.91;ANNULE
628;255;PREMIUM;23/08/2026;22/08/2027;474.90;ACTIF
629;256;ANNUEL;06/05/2025;05/05/2026;332.40;EXPIRE
630;256;PREMIUM;07/05/2026;06/05/2027;499.90;ACTIF
632;257;ANNUEL;26/07/2026;25/07/2027;314.91;ACTIF
633;258;MENSUEL;08/06/2025;07/07/2025;35.91;EXPIRE
634;258;MENSUEL;10/07/2025;08/08/2025;37.90;EXPIRE
635;258;ANNUEL;18/08/2025;17/08/2026;349.90;EXPIRE
636;258;ANNUEL;21/08/2026;20/08/2027;349.90;ACTIF
637;259;PREMIUM;10/05/2025;09/05/2026;474.90;EXPIRE
638;259;PREMIUM;15/05/2026;14/05/2027;499.90;ACTIF
639;260;TRIMESTRIEL;18/02/2025;18/05/2025;84.92;EXPIRE
640;260;TRIMESTRIEL;27/05/2025;24/08/2025;99.90;EXPIRE
641;260;PREMIUM;05/09/2025;04/09/2026;499.90;EXPIRE
642;260;ANNUEL;06/09/2026;05/09/2027;332.40;ACTIF
643;261;PREMIUM;11/03/2025;10/03/2026;474.90;EXPIRE
644;261;PREMIUM;13/03/2026;12/03/2027;449.91;ACTIF
645;262;MENSUEL;26/03/2025;24/04/2025;39.90;EXPIRE
646;262;ANNUEL;28/04/2025;27/04/2026;297.41;EXPIRE
647;262;TRIMESTRIEL;06/05/2026;03/08/2026;84.92;EXPIRE
648;262;TRIMESTRIEL;11/08/2026;08/11/2026;84.92;ACTIF
649;262;PREMIUM;17/11/2026;16/11/2027;474.90;EXPIRE
650;263;MENSUEL;20/01/2025;18/02/2025;37.90;EXPIRE
651;263;ANNUEL;28/02/2025;27/02/2026;332.40;EXPIRE
652;263;ANNUEL;05/03/2026;04/03/2027;349.90;ACTIF
654;264;PREMIUM;03/03/2025;02/03/2026;499.90;EXPIRE
655;264;PREMIUM;05/03/2026;04/03/2027;499.90;ACTIF
657;265;ANNUEL;04/11/2025;03/09/2026;349.90;EXPIRE
658;266;TRIMESTRIEL;20/11/2025;17/02/2026;99.90;EXPIRE
659;266;PREMIUM;22/02/2026;21/02/2027;499.90;ACTIF
661;268;TRIMESTRIEL;20/05/2026;22/05/2026;99.90;EXPIRE
662;269;ANNUEL;15/05/2026;14/05/2027;349.90;ACTIF
663;270;TRIMESTRIEL;16/12/2025;07/01/2026;84.92;EXPIRE
664;271;TRIMESTRIEL;17/02/2025;17/05/2025;94.91;EXPIRE
665;271;TRIMESTRIEL;29/05/2025;26/08/2025;94.91;EXPIRE
666;271;ANNUEL;04/09/2025;03/09/2026;349.90;EXPIRE
667;271;ANNUEL;14/09/2026;13/09/2027;314.91;ACTIF
668;272;MENSUEL;07/04/2025;06/05/2025;37.90;EXPIRE
669;272;ANNUEL;16/05/2025;15/05/2026;332.40;EXPIRE
670;272;ANNUEL;18/05/2026;17/05/2027;332.40;ACTIF
672;273;PREMIUM;12/03/2025;11/03/2026;499.90;EXPIRE
673;273;ANNUEL;22/03/2026;21/03/2027;297.41;ACTIF
674;274;ANNUEL;18/04/2026;17/04/2027;349.90;ACTIF
675;275;ANNUEL;16/01/2025;15/01/2026;349.90;EXPIRE
676;275;ANNUEL;24/01/2026;23/01/2027;297.41;ACTIF
677;276;PREMIUM;15/10/2024;14/10/2025;499.90;EXPIRE
678;276;MENSUEL;20/10/2025;18/11/2025;37.90;EXPIRE
679;276;PREMIUM;01/12/2025;30/11/2026;449.91;ACTIF
680;276;TRIMESTRIEL;01/12/2026;28/02/2027;99.90;EXPIRE
681;277;TRIMESTRIEL;06/11/2025;03/02/2026;94.91;EXPIRE
682;277;ANNUEL;12/02/2026;11/02/2027;349.90;ACTIF
683;278;ANNUEL;16/01/2025;15/01/2026;349.90;EXPIRE
684;278;PREMIUM;27/01/2026;03/02/2026;499.90;EXPIRE
685;279;PREMIUM;02/11/2024;01/11/2025;474.90;EXPIRE
686;279;ANNUEL;07/11/2025;06/11/2026;349.90;ACTIF
687;279;MENSUEL;15/11/2026;14/12/2026;37.90;EXPIRE
688;279;MENSUEL;23/12/2026;21/01/2027;39.90;EXPIRE
690;280;MENSUEL;03/03/2026;01/04/2026;35.91;EXPIRE
691;280;ANNUEL;07/04/2026;06/04/2027;297.41;ACTIF
693;281;PREMIUM;26/01/2025;25/01/2026;499.90;EXPIRE
694;281;ANNUEL;30/01/2026;29/01/2027;349.90;ACTIF
696;282;ANNUEL;09/08/2026;08/08/2027;332.40;ACTIF
697;283;ANNUEL;20/07/2026;19/07/2027;349.90;ACTIF
698;284;PREMIUM;21/12/2024;20/12/2025;499.90;EXPIRE
699;284;PREMIUM;21/12/2025;20/12/2026;424.91;ACTIF
700;284;TRIMESTRIEL;31/12/2026;30/03/2027;84.92;EXPIRE
702;285;ANNUEL;04/10/2024;03/10/2025;349.90;EXPIRE
703;285;ANNUEL;15/10/2025;26/04/2026;349.90;EXPIRE
704;286;ANNUEL;29/04/2025;28/04/2026;314.91;EXPIRE
705;286;PREMIUM;11/05/2026;10/05/2027;499.90;ACTIF
707;287;TRIMESTRIEL;05/02/2025;05/05/2025;89.91;EXPIRE
708;287;ANNUEL;17/05/2025;16/05/2026;349.90;EXPIRE
709;287;ANNUEL;23/05/2026;28/08/2026;297.41;EXPIRE
710;288;ANNUEL;22/05/2026;21/05/2027;314.91;ACTIF
712;289;PREMIUM;05/11/2025;04/02/2026;449.91;EXPIRE
713;290;ANNUEL;08/11/2024;07/11/2025;297.41;EXPIRE
714;290;MENSUEL;10/11/2025;09/12/2025;39.90;EXPIRE
715;290;ANNUEL;17/12/2025;16/12/2026;349.90;ACTIF
716;290;MENSUEL;24/12/2026;22/01/2027;33.91;EXPIRE
717;291;TRIMESTRIEL;09/10/2024;06/01/2025;99.90;EXPIRE
718;291;PREMIUM;12/01/2025;11/01/2026;474.90;EXPIRE
719;291;TRIMESTRIEL;14/01/2026;13/04/2026;94.91;EXPIRE
720;291;ANNUEL;18/04/2026;17/04/2027;349.90;ACTIF
721;292;TRIMESTRIEL;03/09/2025;01/12/2025;94.91;EXPIRE
722;292;TRIMESTRIEL;13/12/2025;12/03/2026;99.90;EXPIRE
723;292;ANNUEL;19/03/2026;18/03/2027;349.90;ACTIF
724;293;TRIMESTRIEL;21/02/2025;21/05/2025;99.90;EXPIRE
725;293;ANNUEL;31/05/2025;30/05/2026;332.40;EXPIRE
726;293;ANNUEL;05/06/2026;04/06/2027;349.90;ACTIF
727;294;MENSUEL;06/09/2025;05/10/2025;39.90;EXPIRE
728;294;TRIMESTRIEL;16/10/2025;13/01/2026;94.91;EXPIRE
729;294;ANNUEL;23/01/2026;22/01/2027;314.91;ACTIF
731;295;TRIMESTRIEL;03/06/2025;31/08/2025;84.92;EXPIRE
732;295;PREMIUM;05/09/2025;04/09/2026;499.90;EXPIRE
733;295;PREMIUM;08/09/2026;07/09/2027;449.91;ACTIF
734;296;ANNUEL;17/02/2025;16/02/2026;349.90;EXPIRE
735;296;ANNUEL;23/02/2026;26/01/2027;349.90;ANNULE
736;297;ANNUEL;26/03/2025;25/03/2026;349.90;EXPIRE
737;297;PREMIUM;02/04/2026;01/04/2027;499.90;ACTIF
738;298;ANNUEL;19/04/2025;18/04/2026;349.90;EXPIRE
739;298;MENSUEL;27/04/2026;26/05/2026;33.91;EXPIRE
740;298;PREMIUM;29/05/2026;28/05/2027;499.90;ACTIF
741;299;ANNUEL;18/10/2024;17/10/2025;297.41;EXPIRE
742;299;ANNUEL;18/10/2025;17/10/2026;349.90;ACTIF
743;299;ANNUEL;22/10/2026;21/02/2027;314.91;ANNULE
744;300;ANNUEL;05/11/2024;04/11/2025;297.41;EXPIRE
745;300;TRIMESTRIEL;05/11/2025;02/02/2026;89.91;EXPIRE
746;300;ANNUEL;12/02/2026;17/10/2026;297.41;ANNULE
747;301;ANNUEL;05/01/2026;04/01/2027;332.40;ACTIF
749;302;ANNUEL;09/12/2024;08/12/2025;297.41;EXPIRE
750;302;MENSUEL;14/12/2025;12/01/2026;35.91;EXPIRE
751;302;ANNUEL;22/01/2026;21/01/2027;297.41;ACTIF
752;303;ANNUEL;12/02/2025;11/02/2026;297.41;EXPIRE
753;303;PREMIUM;24/02/2026;23/02/2027;499.90;ACTIF
755;304;MENSUEL;25/04/2025;24/05/2025;39.90;EXPIRE
756;304;ANNUEL;01/06/2025;31/05/2026;349.90;EXPIRE
757;304;TRIMESTRIEL;13/06/2026;10/09/2026;89.91;EXPIRE
758;304;ANNUEL;22/09/2026;21/09/2027;332.40;EXPIRE
759;304;ANNUEL;24/03/2026;23/03/2027;349.90;ACTIF
760;305;TRIMESTRIEL;02/06/2025;30/08/2025;99.90;EXPIRE
761;305;MENSUEL;07/09/2025;06/10/2025;39.90;EXPIRE
762;305;TRIMESTRIEL;17/10/2025;14/01/2026;84.92;EXPIRE
763;305;ANNUEL;19/01/2026;09/07/2026;332.40;EXPIRE
764;306;TRIMESTRIEL;23/01/2025;22/04/2025;99.90;EXPIRE
765;306;ANNUEL;05/05/2025;04/05/2026;332.40;EXPIRE
766;306;ANNUEL;09/05/2026;08/05/2027;349.90;ACTIF
767;307;MENSUEL;09/01/2025;07/02/2025;39.90;EXPIRE
768;307;ANNUEL;16/02/2025;15/02/2026;349.90;EXPIRE
769;307;ANNUEL;21/02/2026;20/02/2027;349.90;ACTIF
771;308;PREMIUM;22/12/2024;21/12/2025;499.90;EXPIRE
772;308;ANNUEL;31/12/2025;30/12/2026;349.90;ACTIF
773;309;MENSUEL;26/08/2026;24/09/2026;39.90;ACTIF
774;309;ANNUEL;02/10/2026;01/10/2027;349.90;EXPIRE
775;310;ANNUEL;25/08/2026;24/08/2027;332.40;ACTIF
776;311;PREMIUM;19/06/2025;18/06/2026;449.91;EXPIRE
777;311;TRIMESTRIEL;25/06/2026;16/08/2026;99.90;EXPIRE
778;312;ANNUEL;03/07/2026;02/07/2027;349.90;ACTIF
779;313;PREMIUM;09/08/2025;08/08/2026;424.91;EXPIRE
780;313;TRIMESTRIEL;16/08/2026;13/11/2026;99.90;ACTIF
781;313;TRIMESTRIEL;20/11/2026;17/02/2027;99.90;EXPIRE
783;314;ANNUEL;17/03/2026;16/03/2027;297.41;ACTIF
784;315;PREMIUM;19/10/2024;18/10/2025;449.91;EXPIRE
785;315;MENSUEL;22/10/2025;20/11/2025;39.90;EXPIRE
786;315;ANNUEL;02/12/2025;06/10/2026;297.41;ANNULE
787;316;PREMIUM;29/01/2025;28/01/2026;499.90;EXPIRE
788;316;TRIMESTRIEL;31/01/2026;30/04/2026;89.91;EXPIRE
789;316;PREMIUM;07/05/2026;06/05/2027;499.90;ACTIF
790;317;TRIMESTRIEL;06/11/2024;03/02/2025;84.92;EXPIRE
791;317;PREMIUM;09/02/2025;08/02/2026;474.90;EXPIRE
792;317;TRIMESTRIEL;16/02/2026;16/05/2026;84.92;EXPIRE
793;317;ANNUEL;29/05/2026;28/05/2027;349.90;ACTIF
794;318;TRIMESTRIEL;06/06/2025;03/09/2025;99.90;EXPIRE
795;318;ANNUEL;11/09/2025;10/09/2026;297.41;EXPIRE
796;318;ANNUEL;19/09/2026;18/09/2027;332.40;EXPIRE
797;318;ANNUEL;23/05/2026;22/05/2027;349.90;ACTIF
798;319;ANNUEL;30/07/2025;29/07/2026;349.90;EXPIRE
799;319;ANNUEL;05/08/2026;04/08/2027;349.90;ACTIF
800;320;ANNUEL;28/10/2024;27/10/2025;349.90;EXPIRE
801;320;MENSUEL;04/11/2025;03/12/2025;39.90;EXPIRE
802;320;ANNUEL;05/12/2025;04/12/2026;297.41;ACTIF
803;320;PREMIUM;17/12/2026;16/12/2027;499.90;EXPIRE
804;321;ANNUEL;19/11/2025;18/11/2026;349.90;ACTIF
805;321;ANNUEL;22/11/2026;21/11/2027;297.41;EXPIRE
806;322;ANNUEL;25/01/2025;24/01/2026;297.41;EXPIRE
807;322;MENSUEL;25/01/2026;23/02/2026;35.91;EXPIRE
808;322;MENSUEL;26/02/2026;27/03/2026;39.90;EXPIRE
809;322;MENSUEL;04/04/2026;03/05/2026;37.90;EXPIRE
810;322;ANNUEL;04/05/2026;18/08/2026;297.41;EXPIRE
811;323;ANNUEL;03/11/2024;02/11/2025;349.90;EXPIRE
812;323;PREMIUM;03/11/2025;02/11/2026;499.90;ACTIF
813;323;MENSUEL;05/11/2026;04/12/2026;39.90;EXPIRE
814;323;ANNUEL;11/12/2026;10/12/2027;349.90;EXPIRE
815;324;MENSUEL;24/05/2026;22/06/2026;37.90;EXPIRE
816;324;ANNUEL;03/07/2026;02/07/2027;332.40;ACTIF
817;325;MENSUEL;02/06/2025;01/07/2025;39.90;EXPIRE
818;325;ANNUEL;13/07/2025;04/01/2026;349.90;EXPIRE
819;326;ANNUEL;01/07/2025;30/06/2026;332.40;EXPIRE
820;326;ANNUEL;11/07/2026;10/07/2027;349.90;ACTIF
821;327;ANNUEL;21/02/2025;20/02/2026;349.90;EXPIRE
822;327;ANNUEL;04/03/2026;03/03/2027;349.90;ACTIF
824;328;ANNUEL;12/04/2026;08/07/2026;349.90;EXPIRE
825;329;PREMIUM;09/10/2024;08/10/2025;424.91;EXPIRE
826;329;ANNUEL;14/10/2025;13/10/2026;297.41;ACTIF
827;329;TRIMESTRIEL;19/10/2026;16/01/2027;94.91;EXPIRE
828;330;ANNUEL;07/02/2026;06/02/2027;332.40;ACTIF
829;331;PREMIUM;26/12/2024;25/12/2025;474.90;EXPIRE
830;331;PREMIUM;02/01/2026;01/01/2027;449.91;ACTIF
832;332;ANNUEL;04/02/2025;03/02/2026;297.41;EXPIRE
833;332;ANNUEL;07/02/2026;06/02/2027;297.41;ACTIF
836;334;TRIMESTRIEL;29/04/2025;27/07/2025;94.91;EXPIRE
837;334;MENSUEL;28/07/2025;26/08/2025;37.90;EXPIRE
838;334;TRIMESTRIEL;04/09/2025;02/12/2025;99.90;EXPIRE
839;334;ANNUEL;06/12/2025;05/12/2026;332.40;ACTIF
840;334;ANNUEL;15/12/2026;14/12/2027;349.90;EXPIRE
841;335;PREMIUM;23/11/2024;22/11/2025;424.91;EXPIRE
842;335;ANNUEL;26/11/2025;25/11/2026;349.90;ACTIF
843;335;MENSUEL;02/12/2026;31/12/2026;33.91;EXPIRE
844;336;TRIMESTRIEL;30/12/2024;29/03/2025;94.91;EXPIRE
845;336;ANNUEL;01/04/2025;31/03/2026;349.90;EXPIRE
846;336;PREMIUM;04/04/2026;03/04/2027;474.90;ACTIF
847;337;PREMIUM;13/05/2025;12/05/2026;499.90;EXPIRE
848;337;MENSUEL;18/05/2026;16/06/2026;37.90;EXPIRE
849;337;PREMIUM;24/06/2026;23/06/2027;449.91;ACTIF
850;338;ANNUEL;14/12/2024;13/12/2025;349.90;EXPIRE
851;338;TRIMESTRIEL;15/12/2025;12/01/2026;99.90;EXPIRE
852;339;ANNUEL;12/03/2025;11/03/2026;349.90;EXPIRE
853;339;ANNUEL;12/03/2026;11/03/2027;349.90;ACTIF
854;340;ANNUEL;03/02/2025;02/02/2026;297.41;EXPIRE
855;340;MENSUEL;10/02/2026;11/03/2026;39.90;EXPIRE
856;340;ANNUEL;17/03/2026;02/02/2027;332.40;ANNULE
857;341;ANNUEL;20/03/2026;19/03/2027;314.91;ACTIF
858;342;TRIMESTRIEL;16/02/2025;16/05/2025;84.92;EXPIRE
859;342;PREMIUM;21/05/2025;20/05/2026;499.90;EXPIRE
860;342;TRIMESTRIEL;22/05/2026;19/08/2026;94.91;EXPIRE
861;342;MENSUEL;31/08/2026;29/09/2026;35.91;ACTIF
862;342;PREMIUM;08/10/2026;07/10/2027;474.90;EXPIRE
863;343;PREMIUM;08/12/2024;07/12/2025;449.91;EXPIRE
864;343;TRIMESTRIEL;20/12/2025;13/03/2026;99.90;EXPIRE
865;344;PREMIUM;14/05/2026;13/05/2027;449.91;ACTIF
866;345;MENSUEL;31/10/2024;29/11/2024;39.90;EXPIRE
867;345;PREMIUM;09/12/2024;08/12/2025;499.90;EXPIRE
868;345;ANNUEL;17/12/2025;16/12/2026;349.90;ACTIF
869;345;ANNUEL;19/12/2026;18/12/2027;349.90;EXPIRE
870;346;ANNUEL;04/04/2025;03/04/2026;349.90;EXPIRE
871;346;ANNUEL;06/04/2026;05/04/2027;349.90;ACTIF
872;347;TRIMESTRIEL;21/05/2025;18/08/2025;94.91;EXPIRE
873;347;ANNUEL;22/08/2025;21/08/2026;349.90;EXPIRE
874;347;PREMIUM;28/08/2026;27/08/2027;499.90;ACTIF
875;349;MENSUEL;06/06/2025;05/07/2025;39.90;EXPIRE
876;349;ANNUEL;07/07/2025;06/07/2026;332.40;EXPIRE
877;349;MENSUEL;13/07/2026;11/08/2026;33.91;EXPIRE
878;349;TRIMESTRIEL;24/08/2026;21/11/2026;99.90;ACTIF
879;349;ANNUEL;04/12/2026;03/12/2027;314.91;EXPIRE
880;350;TRIMESTRIEL;07/05/2025;04/08/2025;99.90;EXPIRE
881;350;MENSUEL;07/08/2025;05/09/2025;39.90;EXPIRE
882;350;ANNUEL;08/09/2025;07/09/2026;349.90;EXPIRE
883;350;ANNUEL;16/09/2026;15/09/2027;332.40;ACTIF
884;351;ANNUEL;16/01/2025;15/01/2026;349.90;EXPIRE
885;351;MENSUEL;28/01/2026;26/02/2026;39.90;EXPIRE
886;351;ANNUEL;01/03/2026;28/02/2027;297.41;ACTIF
888;352;ANNUEL;15/03/2025;14/03/2026;349.90;EXPIRE
889;352;PREMIUM;23/03/2026;22/03/2027;424.91;ACTIF
890;353;PREMIUM;18/06/2025;17/06/2026;499.90;EXPIRE
891;353;PREMIUM;23/06/2026;09/08/2026;499.90;ANNULE
892;354;MENSUEL;29/04/2025;28/05/2025;39.90;EXPIRE
893;354;TRIMESTRIEL;31/05/2025;28/08/2025;94.91;EXPIRE
894;354;ANNUEL;05/09/2025;04/09/2026;349.90;EXPIRE
895;354;MENSUEL;14/09/2026;13/10/2026;33.91;ACTIF
896;354;PREMIUM;15/10/2026;14/10/2027;499.90;EXPIRE
897;355;MENSUEL;23/10/2024;21/11/2024;35.91;EXPIRE
898;355;ANNUEL;26/11/2024;25/11/2025;332.40;EXPIRE
899;355;ANNUEL;04/12/2025;03/12/2026;349.90;ACTIF
900;355;TRIMESTRIEL;05/12/2026;04/03/2027;89.91;EXPIRE
902;356;MENSUEL;20/01/2025;18/02/2025;37.90;EXPIRE
903;356;TRIMESTRIEL;23/02/2025;23/05/2025;99.90;EXPIRE
904;356;TRIMESTRIEL;24/05/2025;21/08/2025;89.91;EXPIRE
905;356;PREMIUM;03/09/2025;02/09/2026;424.91;EXPIRE
906;356;ANNUEL;03/09/2026;02/09/2027;314.91;ACTIF
907;357;TRIMESTRIEL;06/08/2025;03/11/2025;84.92;EXPIRE
908;357;ANNUEL;12/11/2025;11/11/2026;297.41;ACTIF
909;357;TRIMESTRIEL;21/11/2026;18/02/2027;99.90;EXPIRE
911;358;ANNUEL;12/10/2024;11/10/2025;314.91;EXPIRE
912;358;TRIMESTRIEL;20/10/2025;17/01/2026;99.90;EXPIRE
913;358;TRIMESTRIEL;21/01/2026;20/04/2026;84.92;EXPIRE
914;358;MENSUEL;23/04/2026;22/05/2026;33.91;EXPIRE
915;358;TRIMESTRIEL;04/06/2026;01/09/2026;99.90;EXPIRE
916;358;PREMIUM;02/09/2026;01/09/2027;499.90;ACTIF
917;359;TRIMESTRIEL;29/07/2026;26/10/2026;99.90;ACTIF
918;359;MENSUEL;27/10/2026;25/11/2026;39.90;EXPIRE
919;360;TRIMESTRIEL;05/12/2024;04/03/2025;99.90;EXPIRE
920;360;ANNUEL;09/03/2025;08/03/2026;314.91;EXPIRE
921;360;PREMIUM;14/03/2026;09/07/2026;499.90;ANNULE
922;361;ANNUEL;24/11/2024;23/11/2025;314.91;EXPIRE
923;361;PREMIUM;24/11/2025;23/11/2026;449.91;ACTIF
924;362;ANNUEL;20/03/2025;19/03/2026;349.90;EXPIRE
925;362;ANNUEL;24/03/2026;10/02/2027;349.90;ANNULE
926;363;PREMIUM;20/11/2025;11/06/2026;424.91;EXPIRE
927;364;PREMIUM;07/05/2026;06/06/2026;449.91;EXPIRE
928;365;ANNUEL;17/10/2025;16/10/2026;297.41;ACTIF
929;365;PREMIUM;24/10/2026;23/10/2027;449.91;EXPIRE
930;366;TRIMESTRIEL;12/06/2026;29/07/2026;99.90;EXPIRE
931;367;MENSUEL;28/09/2025;27/10/2025;33.91;EXPIRE
932;367;ANNUEL;04/11/2025;03/11/2026;349.90;ACTIF
933;367;ANNUEL;09/11/2026;08/11/2027;297.41;EXPIRE
934;368;PREMIUM;19/09/2025;18/09/2026;499.90;ACTIF
935;368;ANNUEL;27/09/2026;26/09/2027;349.90;EXPIRE
936;369;ANNUEL;02/11/2025;01/11/2026;349.90;ACTIF
937;369;ANNUEL;10/11/2026;12/12/2026;314.91;ANNULE
938;370;PREMIUM;01/06/2025;31/05/2026;449.91;EXPIRE
939;370;ANNUEL;12/06/2026;11/06/2027;332.40;ACTIF
940;371;ANNUEL;25/05/2026;11/11/2026;349.90;ANNULE
941;372;MENSUEL;27/05/2026;25/06/2026;39.90;EXPIRE
942;372;TRIMESTRIEL;05/07/2026;02/10/2026;99.90;ACTIF
943;372;MENSUEL;07/10/2026;05/11/2026;37.90;EXPIRE
944;372;ANNUEL;14/11/2026;13/11/2027;349.90;EXPIRE
945;373;MENSUEL;28/08/2026;26/09/2026;39.90;ACTIF
946;373;ANNUEL;08/10/2026;07/10/2027;297.41;EXPIRE
947;374;TRIMESTRIEL;06/02/2026;06/05/2026;94.91;EXPIRE
948;374;ANNUEL;16/05/2026;15/05/2027;332.40;ACTIF
949;375;TRIMESTRIEL;10/11/2024;07/02/2025;84.92;EXPIRE
950;375;ANNUEL;13/02/2025;02/02/2026;297.41;EXPIRE
951;376;ANNUEL;24/03/2025;20/01/2026;349.90;EXPIRE
952;377;MENSUEL;16/01/2025;14/02/2025;33.91;EXPIRE
953;377;ANNUEL;19/02/2025;18/02/2026;297.41;EXPIRE
954;377;ANNUEL;28/02/2026;24/03/2026;297.41;EXPIRE
955;378;TRIMESTRIEL;31/03/2025;28/06/2025;84.92;EXPIRE
956;378;PREMIUM;01/07/2025;12/01/2026;499.90;EXPIRE
957;379;PREMIUM;20/12/2025;19/12/2026;474.90;ACTIF
958;380;ANNUEL;11/12/2025;26/07/2026;349.90;EXPIRE
959;381;PREMIUM;25/03/2025;24/03/2026;499.90;EXPIRE
960;381;TRIMESTRIEL;02/04/2026;30/06/2026;89.91;EXPIRE
961;381;ANNUEL;03/07/2026;02/07/2027;314.91;ACTIF
962;382;ANNUEL;17/12/2024;16/12/2025;349.90;EXPIRE
963;382;PREMIUM;23/12/2025;22/12/2026;499.90;ACTIF
964;382;ANNUEL;31/12/2026;30/12/2027;297.41;EXPIRE
965;383;PREMIUM;22/08/2026;21/08/2027;499.90;ACTIF
966;384;TRIMESTRIEL;27/05/2025;24/08/2025;99.90;EXPIRE
967;384;ANNUEL;28/08/2025;27/08/2026;314.91;EXPIRE
968;384;TRIMESTRIEL;03/09/2026;01/12/2026;99.90;ACTIF
969;384;PREMIUM;08/12/2026;07/12/2027;499.90;EXPIRE
970;385;MENSUEL;29/03/2025;27/04/2025;37.90;EXPIRE
971;385;TRIMESTRIEL;10/05/2025;07/08/2025;99.90;EXPIRE
972;385;TRIMESTRIEL;15/08/2025;12/11/2025;94.91;EXPIRE
973;385;ANNUEL;14/11/2025;17/06/2026;332.40;EXPIRE
974;386;ANNUEL;01/06/2025;17/02/2026;349.90;EXPIRE
975;387;PREMIUM;17/03/2025;31/01/2026;499.90;EXPIRE
976;388;ANNUEL;16/10/2024;15/10/2025;297.41;EXPIRE
977;388;ANNUEL;23/10/2025;02/07/2026;297.41;EXPIRE
978;389;PREMIUM;15/10/2024;14/10/2025;449.91;EXPIRE
979;389;ANNUEL;26/10/2025;25/10/2026;349.90;ACTIF
980;389;MENSUEL;31/10/2026;29/11/2026;35.91;EXPIRE
981;389;PREMIUM;04/12/2026;03/12/2027;499.90;EXPIRE
982;390;ANNUEL;28/04/2026;27/04/2027;349.90;ACTIF
984;391;PREMIUM;06/05/2026;05/05/2027;424.91;ACTIF
985;392;ANNUEL;19/10/2024;18/10/2025;349.90;EXPIRE
986;392;TRIMESTRIEL;26/10/2025;23/01/2026;99.90;EXPIRE
987;392;MENSUEL;02/02/2026;03/03/2026;39.90;EXPIRE
988;392;TRIMESTRIEL;16/03/2026;13/06/2026;99.90;EXPIRE
989;392;PREMIUM;17/06/2026;16/06/2027;499.90;ACTIF
990;393;ANNUEL;17/01/2026;16/01/2027;349.90;ACTIF
991;394;PREMIUM;30/11/2024;29/11/2025;424.91;EXPIRE
992;394;ANNUEL;11/12/2025;05/09/2026;332.40;EXPIRE
993;395;ANNUEL;25/06/2025;27/01/2026;297.41;EXPIRE
994;396;TRIMESTRIEL;04/06/2025;01/09/2025;89.91;EXPIRE
995;396;ANNUEL;05/09/2025;04/09/2026;332.40;EXPIRE
996;396;ANNUEL;15/09/2026;14/09/2027;332.40;ACTIF
997;397;MENSUEL;01/06/2026;30/06/2026;37.90;EXPIRE
998;397;MENSUEL;04/07/2026;02/08/2026;33.91;EXPIRE
999;397;PREMIUM;09/08/2026;08/08/2027;424.91;ACTIF
1000;398;TRIMESTRIEL;19/02/2025;19/05/2025;84.92;EXPIRE
1001;398;ANNUEL;30/05/2025;29/05/2026;349.90;EXPIRE
1002;398;ANNUEL;03/06/2026;02/06/2027;349.90;ACTIF
1003;399;ANNUEL;02/06/2025;01/06/2026;349.90;EXPIRE
1004;399;MENSUEL;06/06/2026;05/07/2026;39.90;EXPIRE
1005;399;ANNUEL;18/07/2026;17/07/2027;349.90;ACTIF
1006;400;ANNUEL;23/11/2024;22/11/2025;297.41;EXPIRE
1007;400;ANNUEL;24/11/2025;16/02/2026;314.91;EXPIRE
1008;401;TRIMESTRIEL;23/10/2024;20/01/2025;99.90;EXPIRE
1009;401;TRIMESTRIEL;25/01/2025;24/04/2025;89.91;EXPIRE
1010;401;ANNUEL;26/04/2025;25/04/2026;349.90;EXPIRE
1011;401;TRIMESTRIEL;04/05/2026;01/08/2026;99.90;EXPIRE
1012;401;PREMIUM;06/08/2026;05/08/2027;424.91;ACTIF
1013;402;TRIMESTRIEL;02/04/2025;30/06/2025;99.90;EXPIRE
1014;402;ANNUEL;06/07/2025;05/07/2026;349.90;EXPIRE
1015;402;ANNUEL;07/07/2026;06/07/2027;297.41;ACTIF
1016;403;PREMIUM;26/12/2024;25/12/2025;449.91;EXPIRE
1017;403;TRIMESTRIEL;06/01/2026;05/04/2026;99.90;EXPIRE
1018;403;PREMIUM;14/04/2026;28/06/2026;424.91;EXPIRE
1019;404;PREMIUM;01/05/2025;30/04/2026;499.90;EXPIRE
1020;404;PREMIUM;11/05/2026;10/05/2027;424.91;ACTIF
1021;405;ANNUEL;30/11/2025;29/11/2026;332.40;ACTIF
1022;405;MENSUEL;12/12/2026;10/01/2027;33.91;EXPIRE
1024;406;ANNUEL;05/08/2026;04/08/2027;349.90;ACTIF
1025;407;ANNUEL;08/07/2026;07/07/2027;349.90;ACTIF
1026;408;ANNUEL;13/02/2026;12/02/2027;349.90;ACTIF
1029;409;TRIMESTRIEL;10/03/2025;07/06/2025;99.90;EXPIRE
1030;409;ANNUEL;19/06/2025;18/06/2026;349.90;EXPIRE
1031;409;ANNUEL;23/06/2026;22/06/2027;349.90;ACTIF
1032;410;TRIMESTRIEL;13/02/2026;13/05/2026;84.92;EXPIRE
1033;410;PREMIUM;21/05/2026;20/05/2027;499.90;ACTIF
1034;411;PREMIUM;14/01/2025;13/01/2026;474.90;EXPIRE
1035;411;PREMIUM;14/01/2026;04/06/2026;449.91;EXPIRE
1036;412;MENSUEL;24/01/2026;22/02/2026;39.90;EXPIRE
1037;412;TRIMESTRIEL;01/03/2026;29/05/2026;89.91;EXPIRE
1038;412;ANNUEL;08/06/2026;07/06/2027;349.90;ACTIF
1040;413;ANNUEL;17/06/2026;16/06/2027;314.91;ACTIF
1041;414;PREMIUM;16/10/2024;15/10/2025;449.91;EXPIRE
1042;414;PREMIUM;28/10/2025;27/10/2026;499.90;ACTIF
1043;414;ANNUEL;04/11/2026;03/11/2027;332.40;EXPIRE
1044;415;ANNUEL;13/10/2025;19/07/2026;314.91;EXPIRE
1045;416;PREMIUM;11/07/2026;10/07/2027;474.90;ACTIF
1046;417;ANNUEL;02/03/2026;01/03/2027;349.90;ACTIF
1048;418;TRIMESTRIEL;10/06/2025;07/09/2025;99.90;EXPIRE
1049;418;MENSUEL;08/09/2025;07/10/2025;35.91;EXPIRE
1050;418;PREMIUM;18/10/2025;17/10/2026;474.90;ACTIF
1051;418;MENSUEL;28/10/2026;26/11/2026;33.91;EXPIRE
1052;418;ANNUEL;04/12/2026;03/12/2027;314.91;EXPIRE
1053;419;PREMIUM;15/10/2024;14/10/2025;449.91;EXPIRE
1054;419;MENSUEL;18/10/2025;16/11/2025;39.90;EXPIRE
1055;419;MENSUEL;17/11/2025;16/12/2025;39.90;EXPIRE
1056;419;ANNUEL;22/12/2025;21/12/2026;332.40;ACTIF
1057;419;ANNUEL;29/12/2026;28/12/2027;332.40;EXPIRE
1058;420;ANNUEL;20/05/2025;19/05/2026;314.91;EXPIRE
1059;420;MENSUEL;01/06/2026;30/06/2026;33.91;EXPIRE
1060;420;PREMIUM;09/07/2026;08/07/2027;449.91;ACTIF
1061;421;TRIMESTRIEL;25/08/2026;22/11/2026;99.90;ACTIF
1062;421;PREMIUM;30/11/2026;29/11/2027;424.91;EXPIRE
1063;422;PREMIUM;16/04/2025;15/04/2026;449.91;EXPIRE
1064;422;PREMIUM;18/04/2026;17/04/2027;499.90;ACTIF
1066;423;ANNUEL;10/01/2025;09/01/2026;349.90;EXPIRE
1067;423;MENSUEL;14/01/2026;12/02/2026;39.90;EXPIRE
1068;423;MENSUEL;16/02/2026;17/03/2026;39.90;EXPIRE
1069;423;ANNUEL;20/03/2026;19/03/2027;297.41;ACTIF
1070;424;PREMIUM;05/01/2025;04/01/2026;449.91;EXPIRE
1071;424;TRIMESTRIEL;14/01/2026;13/04/2026;99.90;EXPIRE
1072;424;PREMIUM;19/04/2026;18/04/2027;499.90;ACTIF
1073;425;ANNUEL;12/02/2026;11/02/2027;297.41;ACTIF
1074;426;PREMIUM;22/08/2025;20/07/2026;499.90;EXPIRE
1075;427;PREMIUM;13/06/2026;12/06/2027;474.90;ACTIF
1076;428;ANNUEL;04/06/2025;03/06/2026;314.91;EXPIRE
1077;428;ANNUEL;09/06/2026;30/06/2026;314.91;EXPIRE
1078;429;ANNUEL;27/01/2025;26/01/2026;332.40;EXPIRE
1079;429;MENSUEL;08/02/2026;09/03/2026;35.91;EXPIRE
1080;429;ANNUEL;12/03/2026;11/03/2027;349.90;ACTIF
1081;430;PREMIUM;04/12/2024;03/12/2025;499.90;EXPIRE
1082;430;ANNUEL;08/12/2025;07/12/2026;297.41;ACTIF
1083;430;MENSUEL;14/12/2026;12/01/2027;33.91;EXPIRE
1085;431;ANNUEL;03/12/2024;02/12/2025;314.91;EXPIRE
1086;431;PREMIUM;07/12/2025;06/12/2026;474.90;ACTIF
1087;431;TRIMESTRIEL;19/12/2026;18/03/2027;84.92;EXPIRE
1089;432;ANNUEL;15/10/2024;14/10/2025;349.90;EXPIRE
1090;432;TRIMESTRIEL;24/10/2025;21/01/2026;99.90;EXPIRE
1091;432;TRIMESTRIEL;30/01/2026;29/04/2026;99.90;EXPIRE
1092;432;PREMIUM;10/05/2026;09/05/2027;474.90;ACTIF
1094;433;TRIMESTRIEL;22/02/2025;22/05/2025;94.91;EXPIRE
1095;433;ANNUEL;25/05/2025;24/05/2026;332.40;EXPIRE
1096;433;ANNUEL;27/05/2026;26/05/2027;349.90;ACTIF
1097;434;TRIMESTRIEL;27/08/2026;24/11/2026;84.92;ACTIF
1098;434;PREMIUM;07/12/2026;06/12/2027;449.91;EXPIRE
1099;437;PREMIUM;06/05/2025;05/05/2026;499.90;EXPIRE
1100;437;TRIMESTRIEL;06/05/2026;03/08/2026;99.90;EXPIRE
1101;437;MENSUEL;06/08/2026;04/09/2026;33.91;EXPIRE
1102;437;TRIMESTRIEL;08/09/2026;06/12/2026;99.90;ACTIF
1103;437;PREMIUM;14/12/2026;13/12/2027;499.90;EXPIRE
1104;438;ANNUEL;01/03/2025;28/02/2026;314.91;EXPIRE
1105;438;ANNUEL;10/03/2026;09/03/2027;314.91;ACTIF
1108;439;ANNUEL;31/05/2025;30/05/2026;349.90;EXPIRE
1109;439;ANNUEL;03/06/2026;02/06/2027;349.90;ACTIF
1110;440;TRIMESTRIEL;07/07/2025;04/10/2025;99.90;EXPIRE
1111;440;ANNUEL;16/10/2025;13/03/2026;349.90;EXPIRE
1112;441;PREMIUM;17/01/2026;24/07/2026;424.91;ANNULE
1113;442;ANNUEL;13/07/2025;12/07/2026;297.41;EXPIRE
1114;442;ANNUEL;13/07/2026;12/07/2027;314.91;ACTIF
1115;443;ANNUEL;25/05/2026;24/05/2027;349.90;ACTIF
1116;444;ANNUEL;06/06/2026;09/12/2026;314.91;ANNULE
1117;445;PREMIUM;19/04/2026;18/04/2027;474.90;ACTIF
1119;446;TRIMESTRIEL;15/01/2025;14/04/2025;89.91;EXPIRE
1120;446;ANNUEL;21/04/2025;20/04/2026;314.91;EXPIRE
1121;446;PREMIUM;02/05/2026;01/05/2027;474.90;ACTIF
1122;447;ANNUEL;28/10/2025;21/08/2026;349.90;EXPIRE
1123;448;PREMIUM;09/02/2025;08/02/2026;474.90;EXPIRE
1124;448;TRIMESTRIEL;15/02/2026;15/05/2026;99.90;EXPIRE
1125;448;MENSUEL;21/05/2026;19/06/2026;33.91;EXPIRE
1126;448;ANNUEL;30/06/2026;29/06/2027;314.91;ACTIF
1127;449;TRIMESTRIEL;06/07/2025;03/10/2025;89.91;EXPIRE
1128;449;PREMIUM;14/10/2025;13/10/2026;499.90;ACTIF
1129;449;MENSUEL;26/10/2026;24/11/2026;39.90;EXPIRE
1130;449;TRIMESTRIEL;01/12/2026;28/02/2027;99.90;EXPIRE
1131;450;TRIMESTRIEL;05/12/2024;04/03/2025;84.92;EXPIRE
1132;450;PREMIUM;10/03/2025;01/01/2026;499.90;EXPIRE
1133;451;TRIMESTRIEL;17/04/2025;15/07/2025;99.90;EXPIRE
1134;451;PREMIUM;27/07/2025;26/07/2026;474.90;EXPIRE
1135;451;PREMIUM;04/08/2026;03/08/2027;499.90;ACTIF
1136;452;PREMIUM;06/09/2025;05/09/2026;499.90;EXPIRE
1137;452;PREMIUM;18/09/2026;17/09/2027;449.91;ACTIF
1138;453;ANNUEL;05/10/2025;04/10/2026;314.91;ACTIF
1139;453;PREMIUM;12/10/2026;11/10/2027;449.91;EXPIRE
1140;454;MENSUEL;21/10/2024;19/11/2024;33.91;EXPIRE
1141;454;MENSUEL;01/12/2024;30/12/2024;33.91;EXPIRE
1142;454;ANNUEL;03/01/2025;02/01/2026;349.90;EXPIRE
1143;454;PREMIUM;10/01/2026;09/01/2027;499.90;ACTIF
1145;455;MENSUEL;02/11/2024;01/12/2024;39.90;EXPIRE
1146;455;TRIMESTRIEL;14/12/2024;13/03/2025;99.90;EXPIRE
1147;455;TRIMESTRIEL;25/03/2025;22/06/2025;99.90;EXPIRE
1148;455;TRIMESTRIEL;03/07/2025;30/09/2025;89.91;EXPIRE
1149;455;PREMIUM;08/10/2025;07/10/2026;449.91;ACTIF
1150;455;TRIMESTRIEL;13/10/2026;10/01/2027;99.90;EXPIRE
1151;457;PREMIUM;07/06/2026;06/06/2027;499.90;ACTIF
1152;458;TRIMESTRIEL;04/01/2025;03/04/2025;99.90;EXPIRE
1153;458;MENSUEL;15/04/2025;14/05/2025;39.90;EXPIRE
1154;458;ANNUEL;21/05/2025;20/05/2026;332.40;EXPIRE
1155;458;PREMIUM;30/05/2026;29/05/2027;424.91;ACTIF
1156;459;MENSUEL;22/03/2025;20/04/2025;39.90;EXPIRE
1157;459;ANNUEL;23/04/2025;22/04/2026;349.90;EXPIRE
1158;459;TRIMESTRIEL;30/04/2026;28/07/2026;99.90;EXPIRE
1159;459;TRIMESTRIEL;09/08/2026;06/11/2026;99.90;ACTIF
1160;459;PREMIUM;17/11/2026;16/11/2027;499.90;EXPIRE
1161;460;ANNUEL;28/01/2025;27/01/2026;314.91;EXPIRE
1162;460;ANNUEL;07/02/2026;06/02/2027;297.41;ACTIF
1164;461;PREMIUM;30/07/2025;29/07/2026;499.90;EXPIRE
1165;461;ANNUEL;30/07/2026;29/07/2027;349.90;ACTIF
1166;462;ANNUEL;12/07/2026;11/07/2027;349.90;ACTIF
1167;463;MENSUEL;19/07/2025;17/08/2025;35.91;EXPIRE
1168;463;ANNUEL;27/08/2025;26/08/2026;349.90;EXPIRE
1169;463;ANNUEL;07/09/2026;06/09/2027;349.90;ACTIF
1170;464;MENSUEL;07/10/2024;05/11/2024;39.90;EXPIRE
1171;464;ANNUEL;09/11/2024;08/11/2025;349.90;EXPIRE
1172;464;ANNUEL;12/11/2025;11/11/2026;314.91;ACTIF
1173;464;ANNUEL;17/11/2026;16/11/2027;297.41;EXPIRE
1174;465;ANNUEL;04/04/2025;04/03/2026;332.40;EXPIRE
1175;466;ANNUEL;23/10/2025;13/03/2026;349.90;EXPIRE
1176;467;TRIMESTRIEL;28/05/2025;25/08/2025;99.90;EXPIRE
1177;467;ANNUEL;29/08/2025;13/07/2026;297.41;EXPIRE
1178;468;ANNUEL;22/03/2025;21/03/2026;332.40;EXPIRE
1179;468;TRIMESTRIEL;27/03/2026;24/06/2026;99.90;EXPIRE
1180;468;ANNUEL;30/06/2026;07/03/2027;314.91;ANNULE
1181;469;ANNUEL;08/12/2024;07/12/2025;332.40;EXPIRE
1182;469;ANNUEL;09/12/2025;08/12/2026;314.91;ACTIF
1183;469;ANNUEL;11/12/2026;10/12/2027;349.90;EXPIRE
1184;470;MENSUEL;09/08/2026;07/09/2026;35.91;EXPIRE
1185;470;TRIMESTRIEL;13/09/2026;11/12/2026;99.90;ACTIF
1186;471;ANNUEL;05/04/2025;04/04/2026;349.90;EXPIRE
1187;471;ANNUEL;14/04/2026;13/04/2027;297.41;ACTIF
1190;472;PREMIUM;29/03/2025;28/03/2026;499.90;EXPIRE
1191;472;TRIMESTRIEL;09/04/2026;07/07/2026;99.90;EXPIRE
1192;472;TRIMESTRIEL;13/07/2026;10/10/2026;99.90;ACTIF
1193;472;PREMIUM;12/10/2026;11/10/2027;424.91;EXPIRE
1194;473;MENSUEL;03/06/2026;02/07/2026;39.90;EXPIRE
1195;473;ANNUEL;07/07/2026;06/07/2027;349.90;ACTIF
1196;474;PREMIUM;22/06/2025;21/06/2026;499.90;EXPIRE
1197;474;PREMIUM;04/07/2026;03/07/2027;499.90;ACTIF
1198;475;ANNUEL;30/01/2025;29/01/2026;332.40;EXPIRE
1199;475;PREMIUM;05/02/2026;04/02/2027;499.90;ACTIF
1201;476;MENSUEL;15/04/2025;14/05/2025;39.90;EXPIRE
1202;476;TRIMESTRIEL;20/05/2025;17/08/2025;89.91;EXPIRE
1203;476;TRIMESTRIEL;29/08/2025;26/11/2025;94.91;EXPIRE
1204;476;ANNUEL;04/12/2025;27/10/2026;297.41;ANNULE
1205;477;ANNUEL;26/04/2026;25/04/2027;349.90;ACTIF
1206;478;TRIMESTRIEL;23/07/2026;20/10/2026;89.91;ACTIF
1207;478;TRIMESTRIEL;23/10/2026;20/01/2027;99.90;EXPIRE
1210;479;PREMIUM;15/12/2025;10/04/2026;499.90;EXPIRE
1211;480;TRIMESTRIEL;15/12/2024;14/03/2025;99.90;EXPIRE
1212;480;ANNUEL;25/03/2025;24/03/2026;349.90;EXPIRE
1213;480;ANNUEL;02/04/2026;01/04/2027;332.40;ACTIF
1216;481;PREMIUM;01/10/2024;30/09/2025;424.91;EXPIRE
1217;481;TRIMESTRIEL;06/10/2025;03/01/2026;99.90;EXPIRE
1218;481;ANNUEL;07/01/2026;06/01/2027;349.90;ACTIF
1219;482;PREMIUM;09/12/2024;08/12/2025;424.91;EXPIRE
1220;482;MENSUEL;21/12/2025;19/01/2026;33.91;EXPIRE
1221;482;PREMIUM;23/01/2026;22/01/2027;449.91;ACTIF
1223;483;MENSUEL;28/12/2024;26/01/2025;39.90;EXPIRE
1224;483;ANNUEL;07/02/2025;06/02/2026;349.90;EXPIRE
1225;483;PREMIUM;07/02/2026;06/02/2027;499.90;ACTIF
1226;484;MENSUEL;15/10/2024;13/11/2024;37.90;EXPIRE
1227;484;ANNUEL;18/11/2024;17/11/2025;332.40;EXPIRE
1228;484;ANNUEL;30/11/2025;29/11/2026;297.41;ACTIF
1229;484;PREMIUM;10/12/2026;09/12/2027;474.90;EXPIRE
1230;485;MENSUEL;24/03/2026;22/04/2026;35.91;EXPIRE
1231;485;ANNUEL;04/05/2026;03/05/2027;349.90;ACTIF
1232;486;ANNUEL;11/02/2025;10/02/2026;349.90;EXPIRE
1233;487;ANNUEL;03/07/2025;02/07/2026;332.40;EXPIRE
1234;487;ANNUEL;15/07/2026;14/07/2027;314.91;ACTIF
1235;488;PREMIUM;08/08/2025;07/08/2026;424.91;EXPIRE
1236;488;ANNUEL;14/08/2026;13/08/2027;332.40;ACTIF
1237;489;TRIMESTRIEL;22/10/2024;19/01/2025;99.90;EXPIRE
1238;489;ANNUEL;24/01/2025;23/01/2026;349.90;EXPIRE
1239;489;PREMIUM;26/01/2026;03/07/2026;424.91;ANNULE
1240;490;ANNUEL;14/11/2024;13/11/2025;349.90;EXPIRE
1241;490;PREMIUM;18/11/2025;17/11/2026;424.91;ACTIF
1242;490;ANNUEL;24/11/2026;23/11/2027;314.91;EXPIRE
1243;491;PREMIUM;06/11/2025;05/11/2026;499.90;ACTIF
1244;491;ANNUEL;07/11/2026;06/11/2027;349.90;EXPIRE
1245;492;ANNUEL;02/06/2026;01/06/2027;297.41;ACTIF
1246;493;TRIMESTRIEL;30/09/2025;28/12/2025;99.90;EXPIRE
1247;493;ANNUEL;02/01/2026;27/02/2026;349.90;EXPIRE
1248;494;TRIMESTRIEL;19/04/2025;17/07/2025;89.91;EXPIRE
1249;494;ANNUEL;26/07/2025;25/07/2026;349.90;EXPIRE
1250;494;ANNUEL;06/08/2026;05/08/2027;349.90;ACTIF
1251;495;MENSUEL;16/10/2024;14/11/2024;39.90;EXPIRE
1252;495;PREMIUM;16/11/2024;15/11/2025;499.90;EXPIRE
1253;495;TRIMESTRIEL;24/11/2025;21/02/2026;99.90;EXPIRE
1254;495;TRIMESTRIEL;28/02/2026;28/05/2026;99.90;EXPIRE
1255;495;PREMIUM;29/05/2026;28/05/2027;474.90;ACTIF
1257;496;MENSUEL;04/02/2025;05/03/2025;39.90;EXPIRE
1258;496;PREMIUM;18/03/2025;17/03/2026;424.91;EXPIRE
1259;496;TRIMESTRIEL;26/03/2026;23/06/2026;94.91;EXPIRE
1260;496;ANNUEL;29/06/2026;28/06/2027;332.40;ACTIF
1261;497;PREMIUM;04/02/2025;03/02/2026;499.90;EXPIRE
1262;497;TRIMESTRIEL;11/02/2026;11/05/2026;99.90;EXPIRE
1263;497;ANNUEL;23/05/2026;22/05/2027;332.40;ACTIF
1265;498;ANNUEL;31/03/2025;30/03/2026;349.90;EXPIRE
1266;498;ANNUEL;11/04/2026;10/04/2027;314.91;ACTIF
1267;499;MENSUEL;20/02/2025;21/03/2025;39.90;EXPIRE
1268;499;ANNUEL;02/04/2025;01/04/2026;314.91;EXPIRE
1269;499;TRIMESTRIEL;12/04/2026;10/07/2026;99.90;EXPIRE
1270;499;PREMIUM;14/07/2026;23/01/2027;474.90;ANNULE
1271;500;PREMIUM;06/04/2025;05/04/2026;499.90;EXPIRE
1272;500;TRIMESTRIEL;18/04/2026;16/07/2026;99.90;EXPIRE
1273;500;ANNUEL;24/07/2026;23/07/2027;349.90;ACTIF
1274;501;ANNUEL;09/02/2026;08/02/2027;349.90;ACTIF
1275;502;TRIMESTRIEL;02/10/2024;30/12/2024;94.91;EXPIRE
1276;502;ANNUEL;02/01/2025;01/01/2026;349.90;EXPIRE
1277;502;ANNUEL;09/01/2026;04/07/2026;349.90;EXPIRE
1278;503;TRIMESTRIEL;03/01/2025;02/04/2025;94.91;EXPIRE
1279;503;TRIMESTRIEL;05/04/2025;03/07/2025;99.90;EXPIRE
1280;503;ANNUEL;07/07/2025;06/07/2026;349.90;EXPIRE
1281;503;TRIMESTRIEL;17/07/2026;14/10/2026;94.91;ACTIF
1282;503;ANNUEL;15/10/2026;14/10/2027;332.40;EXPIRE
1283;504;ANNUEL;14/05/2026;13/05/2027;349.90;ACTIF
1284;505;TRIMESTRIEL;10/11/2025;07/02/2026;94.91;EXPIRE
1285;505;ANNUEL;10/02/2026;04/01/2027;297.41;ANNULE
1286;506;PREMIUM;27/06/2026;26/06/2027;424.91;ACTIF
1287;508;ANNUEL;27/12/2024;26/12/2025;332.40;EXPIRE
1288;508;MENSUEL;08/01/2026;06/02/2026;35.91;EXPIRE
1289;508;ANNUEL;14/02/2026;13/02/2027;297.41;ACTIF
1291;509;PREMIUM;18/03/2025;17/03/2026;449.91;EXPIRE
1292;509;PREMIUM;26/03/2026;24/06/2026;424.91;EXPIRE
1293;510;MENSUEL;18/02/2025;19/03/2025;39.90;EXPIRE
1294;510;PREMIUM;27/03/2025;26/03/2026;474.90;EXPIRE
1295;510;ANNUEL;08/04/2026;23/05/2026;349.90;EXPIRE
1296;511;ANNUEL;03/04/2025;02/04/2026;349.90;EXPIRE
1297;511;MENSUEL;06/04/2026;05/05/2026;33.91;EXPIRE
1298;511;TRIMESTRIEL;08/05/2026;05/08/2026;94.91;EXPIRE
1299;511;ANNUEL;13/08/2026;12/08/2027;314.91;ACTIF
1300;512;ANNUEL;07/11/2024;06/11/2025;349.90;EXPIRE
1301;512;ANNUEL;10/11/2025;09/11/2026;332.40;ACTIF
1302;512;ANNUEL;15/11/2026;14/11/2027;349.90;EXPIRE
1303;513;ANNUEL;05/05/2025;11/03/2026;349.90;EXPIRE
1304;514;MENSUEL;21/08/2026;19/09/2026;39.90;ACTIF
1305;514;ANNUEL;22/09/2026;21/09/2027;297.41;EXPIRE
1306;515;PREMIUM;22/03/2025;21/03/2026;499.90;EXPIRE
1307;515;PREMIUM;26/03/2026;25/03/2027;499.90;ACTIF
1308;516;PREMIUM;08/06/2025;07/06/2026;499.90;EXPIRE
1309;516;PREMIUM;08/06/2026;07/06/2027;474.90;ACTIF
1310;517;MENSUEL;09/12/2024;07/01/2025;39.90;EXPIRE
1311;517;ANNUEL;19/01/2025;18/01/2026;314.91;EXPIRE
1312;517;ANNUEL;27/01/2026;26/01/2027;349.90;ACTIF
1313;518;ANNUEL;04/09/2025;03/09/2026;349.90;EXPIRE
1314;518;ANNUEL;16/09/2026;14/11/2026;349.90;ANNULE
1315;519;ANNUEL;04/10/2024;03/10/2025;314.91;EXPIRE
1316;519;ANNUEL;08/10/2025;07/10/2026;297.41;ACTIF
1317;519;ANNUEL;14/10/2026;13/10/2027;349.90;EXPIRE
1318;520;ANNUEL;22/05/2025;21/05/2026;332.40;EXPIRE
1319;520;MENSUEL;22/05/2026;20/06/2026;39.90;EXPIRE
1320;520;ANNUEL;23/06/2026;24/06/2026;349.90;EXPIRE
1321;521;TRIMESTRIEL;23/07/2025;20/10/2025;99.90;EXPIRE
1322;521;PREMIUM;27/10/2025;26/10/2026;499.90;ACTIF
1323;521;TRIMESTRIEL;28/10/2026;25/01/2027;99.90;EXPIRE
1325;523;PREMIUM;14/10/2025;11/03/2026;424.91;EXPIRE
1326;524;TRIMESTRIEL;10/11/2024;07/02/2025;89.91;EXPIRE
1327;524;ANNUEL;09/02/2025;08/02/2026;349.90;EXPIRE
1328;524;TRIMESTRIEL;11/02/2026;11/05/2026;99.90;EXPIRE
1329;524;TRIMESTRIEL;16/05/2026;13/08/2026;89.91;EXPIRE
1330;524;PREMIUM;17/08/2026;16/08/2027;474.90;ACTIF
1331;525;MENSUEL;13/06/2025;12/07/2025;33.91;EXPIRE
1332;525;ANNUEL;25/07/2025;24/07/2026;332.40;EXPIRE
1333;525;PREMIUM;01/08/2026;31/07/2027;499.90;ACTIF
1334;526;TRIMESTRIEL;25/02/2026;25/05/2026;99.90;EXPIRE
1335;526;PREMIUM;27/05/2026;26/05/2027;424.91;ACTIF
1337;527;PREMIUM;10/04/2025;09/04/2026;424.91;EXPIRE
1338;527;ANNUEL;21/04/2026;15/07/2026;349.90;EXPIRE
1339;528;MENSUEL;15/03/2025;13/04/2025;33.91;EXPIRE
1340;528;MENSUEL;23/04/2025;22/05/2025;39.90;EXPIRE
1341;528;TRIMESTRIEL;01/06/2025;29/08/2025;84.92;EXPIRE
1342;528;TRIMESTRIEL;06/09/2025;04/12/2025;89.91;EXPIRE
1343;528;PREMIUM;15/12/2025;06/09/2026;474.90;EXPIRE
1344;529;TRIMESTRIEL;10/04/2025;08/07/2025;99.90;EXPIRE
1345;529;MENSUEL;15/07/2025;13/08/2025;39.90;EXPIRE
1346;529;MENSUEL;18/08/2025;16/09/2025;35.91;EXPIRE
1347;529;ANNUEL;19/09/2025;28/08/2026;349.90;EXPIRE
1348;530;PREMIUM;27/08/2026;26/08/2027;474.90;ACTIF
1349;531;ANNUEL;17/10/2024;16/10/2025;349.90;EXPIRE
1350;531;ANNUEL;20/10/2025;19/10/2026;297.41;ACTIF
1351;531;ANNUEL;21/10/2026;20/10/2027;349.90;EXPIRE
1352;532;PREMIUM;29/08/2026;28/08/2027;499.90;ACTIF
1353;533;MENSUEL;23/10/2025;21/11/2025;33.91;EXPIRE
1354;533;ANNUEL;01/12/2025;13/07/2026;314.91;EXPIRE
1355;534;ANNUEL;16/06/2026;15/06/2027;314.91;ACTIF
1356;535;ANNUEL;20/03/2025;19/03/2026;297.41;EXPIRE
1357;535;ANNUEL;25/03/2026;24/03/2027;297.41;ACTIF
1358;537;MENSUEL;18/10/2024;16/11/2024;39.90;EXPIRE
1359;537;ANNUEL;29/11/2024;28/11/2025;332.40;EXPIRE
1360;537;ANNUEL;09/12/2025;08/12/2026;297.41;ACTIF
1361;537;ANNUEL;17/12/2026;16/12/2027;349.90;EXPIRE
1362;538;ANNUEL;21/04/2025;20/04/2026;349.90;EXPIRE
1363;538;ANNUEL;28/04/2026;08/09/2026;349.90;ANNULE
1364;539;ANNUEL;23/08/2025;22/08/2026;314.91;EXPIRE
1365;539;ANNUEL;30/08/2026;08/11/2026;349.90;ANNULE
1366;540;TRIMESTRIEL;07/12/2024;06/03/2025;99.90;EXPIRE
1367;540;MENSUEL;11/03/2025;09/04/2025;33.91;EXPIRE
1368;540;ANNUEL;19/04/2025;18/04/2026;332.40;EXPIRE
1369;540;ANNUEL;27/04/2026;26/04/2027;332.40;ACTIF
1371;541;ANNUEL;15/10/2025;21/01/2026;349.90;EXPIRE
1372;542;ANNUEL;01/01/2026;31/12/2026;332.40;ACTIF
1374;543;MENSUEL;30/11/2024;29/12/2024;39.90;EXPIRE
1375;543;TRIMESTRIEL;31/12/2024;30/03/2025;99.90;EXPIRE
1376;543;PREMIUM;12/04/2025;11/04/2026;474.90;EXPIRE
1377;543;ANNUEL;24/04/2026;23/04/2027;297.41;ACTIF
1378;544;TRIMESTRIEL;27/12/2025;26/03/2026;99.90;EXPIRE
1379;544;ANNUEL;05/04/2026;04/04/2027;349.90;ACTIF
1380;545;ANNUEL;01/07/2025;30/06/2026;297.41;EXPIRE
1381;545;PREMIUM;05/07/2026;19/12/2026;499.90;ANNULE
1382;546;PREMIUM;15/12/2024;14/12/2025;499.90;EXPIRE
1383;546;ANNUEL;27/12/2025;26/12/2026;349.90;ACTIF
1384;546;TRIMESTRIEL;29/12/2026;28/03/2027;99.90;EXPIRE
1385;547;ANNUEL;01/05/2025;30/04/2026;297.41;EXPIRE
1386;547;PREMIUM;02/05/2026;01/05/2027;449.91;ACTIF
1387;548;ANNUEL;27/05/2025;26/05/2026;349.90;EXPIRE
1388;548;TRIMESTRIEL;06/06/2026;03/09/2026;99.90;EXPIRE
1389;548;TRIMESTRIEL;13/09/2026;11/12/2026;94.91;ACTIF
1390;548;TRIMESTRIEL;17/12/2026;16/03/2027;84.92;EXPIRE
1391;549;PREMIUM;26/12/2025;12/10/2026;424.91;ANNULE
1392;550;PREMIUM;17/01/2025;16/01/2026;424.91;EXPIRE
1393;550;TRIMESTRIEL;27/01/2026;29/03/2026;99.90;EXPIRE
1394;551;PREMIUM;16/02/2025;15/02/2026;474.90;EXPIRE
1395;551;ANNUEL;25/02/2026;24/03/2026;297.41;EXPIRE
1396;552;MENSUEL;29/11/2025;28/12/2025;37.90;EXPIRE
1397;552;ANNUEL;07/01/2026;06/01/2027;297.41;ACTIF
1399;553;ANNUEL;04/02/2025;03/02/2026;349.90;EXPIRE
1400;553;TRIMESTRIEL;13/02/2026;13/05/2026;94.91;EXPIRE
1401;553;TRIMESTRIEL;16/05/2026;13/08/2026;99.90;EXPIRE
1402;553;MENSUEL;23/08/2026;21/09/2026;37.90;ACTIF
1403;553;ANNUEL;24/09/2026;23/09/2027;349.90;EXPIRE
1404;554;PREMIUM;23/01/2025;22/01/2026;424.91;EXPIRE
1405;554;ANNUEL;24/01/2026;23/01/2027;349.90;ACTIF
1406;555;PREMIUM;13/08/2026;12/08/2027;499.90;ACTIF
1407;556;ANNUEL;08/10/2024;07/10/2025;349.90;EXPIRE
1408;556;TRIMESTRIEL;14/10/2025;11/01/2026;99.90;EXPIRE
1409;556;ANNUEL;15/01/2026;14/01/2027;297.41;ACTIF
1410;558;PREMIUM;06/02/2026;05/02/2027;499.90;ACTIF
1411;559;ANNUEL;28/05/2026;27/05/2027;297.41;ACTIF
1413;560;PREMIUM;17/07/2026;16/07/2027;499.90;ACTIF
1414;561;ANNUEL;09/02/2025;08/02/2026;332.40;EXPIRE
1415;561;PREMIUM;12/02/2026;11/02/2027;499.90;ACTIF
1417;562;ANNUEL;03/11/2025;02/11/2026;297.41;ACTIF
1418;563;MENSUEL;04/11/2025;03/12/2025;39.90;EXPIRE
1419;563;MENSUEL;08/12/2025;06/01/2026;33.91;EXPIRE
1420;563;ANNUEL;11/01/2026;10/01/2027;349.90;ACTIF
1421;564;TRIMESTRIEL;30/10/2024;27/01/2025;99.90;EXPIRE
1422;564;PREMIUM;06/02/2025;05/02/2026;499.90;EXPIRE
1423;564;PREMIUM;18/02/2026;17/02/2027;499.90;ACTIF
1424;565;PREMIUM;27/08/2025;26/08/2026;449.91;EXPIRE
1425;565;ANNUEL;08/09/2026;07/09/2027;297.41;ACTIF
1426;566;ANNUEL;17/04/2026;15/07/2026;332.40;EXPIRE
1427;567;ANNUEL;11/09/2025;10/09/2026;297.41;EXPIRE
1428;567;MENSUEL;11/09/2026;10/10/2026;33.91;ACTIF
1429;567;TRIMESTRIEL;22/10/2026;19/01/2027;99.90;EXPIRE
1432;568;ANNUEL;19/05/2025;22/01/2026;314.91;EXPIRE
1433;569;ANNUEL;20/07/2026;19/07/2027;349.90;ACTIF
1434;570;MENSUEL;18/05/2025;16/06/2025;39.90;EXPIRE
1435;570;ANNUEL;24/06/2025;23/06/2026;349.90;EXPIRE
1436;570;ANNUEL;26/06/2026;03/08/2026;349.90;ANNULE
1437;571;TRIMESTRIEL;07/10/2024;04/01/2025;94.91;EXPIRE
1438;571;ANNUEL;11/01/2025;10/01/2026;349.90;EXPIRE
1439;571;PREMIUM;14/01/2026;27/04/2026;499.90;EXPIRE
1440;572;TRIMESTRIEL;28/07/2026;25/10/2026;89.91;ACTIF
1441;572;ANNUEL;26/10/2026;25/10/2027;297.41;EXPIRE
1442;573;ANNUEL;16/07/2025;15/07/2026;332.40;EXPIRE
1443;573;MENSUEL;24/07/2026;22/08/2026;33.91;EXPIRE
1444;573;ANNUEL;28/08/2026;27/08/2027;349.90;ACTIF
1445;574;MENSUEL;11/12/2024;09/01/2025;33.91;EXPIRE
1446;574;PREMIUM;18/01/2025;17/01/2026;499.90;EXPIRE
1447;574;ANNUEL;26/01/2026;06/02/2026;349.90;EXPIRE
1448;575;ANNUEL;06/01/2026;05/01/2027;349.90;ACTIF
1450;576;ANNUEL;29/10/2024;28/10/2025;332.40;EXPIRE
1451;576;TRIMESTRIEL;09/11/2025;06/02/2026;99.90;EXPIRE
1452;576;TRIMESTRIEL;19/02/2026;19/05/2026;99.90;EXPIRE
1453;576;TRIMESTRIEL;22/05/2026;19/08/2026;99.90;EXPIRE
1454;576;TRIMESTRIEL;26/08/2026;23/11/2026;94.91;ACTIF
1455;576;ANNUEL;06/12/2026;05/12/2027;332.40;EXPIRE
1456;577;ANNUEL;04/08/2026;03/08/2027;349.90;ACTIF
1457;578;PREMIUM;02/10/2025;01/10/2026;499.90;ACTIF
1458;578;ANNUEL;02/10/2026;01/10/2027;314.91;EXPIRE
1459;579;ANNUEL;18/03/2026;17/03/2027;297.41;ACTIF
1460;580;ANNUEL;21/11/2025;20/11/2026;349.90;ACTIF
1461;580;ANNUEL;30/11/2026;29/11/2027;314.91;EXPIRE
1462;581;ANNUEL;19/11/2025;18/11/2026;314.91;ACTIF
1463;581;TRIMESTRIEL;25/11/2026;22/02/2027;84.92;EXPIRE
1465;582;TRIMESTRIEL;24/08/2026;21/11/2026;89.91;ACTIF
1466;582;ANNUEL;02/12/2026;01/12/2027;349.90;EXPIRE
1467;583;MENSUEL;12/08/2026;10/09/2026;39.90;EXPIRE
1468;583;MENSUEL;12/09/2026;11/10/2026;39.90;ACTIF
1469;583;MENSUEL;18/10/2026;16/11/2026;37.90;EXPIRE
1470;583;PREMIUM;23/11/2026;22/11/2027;499.90;EXPIRE
1471;584;ANNUEL;11/02/2026;10/02/2027;349.90;ACTIF
1473;585;ANNUEL;07/12/2024;06/12/2025;349.90;EXPIRE
1474;585;ANNUEL;13/12/2025;12/10/2026;349.90;ANNULE
1475;586;TRIMESTRIEL;07/11/2024;04/02/2025;99.90;EXPIRE
1476;586;ANNUEL;06/02/2025;05/02/2026;332.40;EXPIRE
1477;586;PREMIUM;07/02/2026;06/02/2027;499.90;ACTIF
1478;587;PREMIUM;28/01/2025;27/01/2026;449.91;EXPIRE
1479;587;PREMIUM;07/02/2026;06/02/2027;474.90;ACTIF
1481;588;ANNUEL;07/05/2026;06/05/2027;332.40;ACTIF
1482;589;ANNUEL;27/08/2026;26/08/2027;349.90;ACTIF
1483;590;MENSUEL;06/12/2024;04/01/2025;39.90;EXPIRE
1484;590;TRIMESTRIEL;06/01/2025;05/04/2025;89.91;EXPIRE
1485;590;TRIMESTRIEL;12/04/2025;10/07/2025;99.90;EXPIRE
1486;590;PREMIUM;16/07/2025;15/07/2026;499.90;EXPIRE
1487;590;ANNUEL;16/07/2026;15/07/2027;297.41;ACTIF
1488;591;TRIMESTRIEL;12/05/2026;09/08/2026;99.90;EXPIRE
1489;591;TRIMESTRIEL;22/08/2026;19/11/2026;99.90;ACTIF
1490;591;TRIMESTRIEL;28/11/2026;25/02/2027;99.90;EXPIRE
1492;592;MENSUEL;31/08/2026;29/09/2026;39.90;ACTIF
1493;592;MENSUEL;03/10/2026;01/11/2026;39.90;EXPIRE
1494;592;ANNUEL;13/11/2026;12/11/2027;332.40;EXPIRE
1495;593;ANNUEL;15/01/2026;14/01/2027;314.91;ACTIF
1497;594;PREMIUM;20/09/2025;19/09/2026;499.90;ACTIF
1498;594;MENSUEL;29/09/2026;28/10/2026;37.90;EXPIRE
1499;594;TRIMESTRIEL;10/11/2026;07/02/2027;89.91;EXPIRE
1500;595;ANNUEL;03/06/2025;02/06/2026;314.91;EXPIRE
1501;595;TRIMESTRIEL;11/06/2026;08/09/2026;89.91;EXPIRE
1502;595;PREMIUM;09/09/2026;08/09/2027;424.91;ACTIF
1503;596;ANNUEL;19/07/2026;18/07/2027;332.40;ACTIF
1504;598;PREMIUM;08/06/2026;07/06/2027;449.91;ACTIF
1505;599;MENSUEL;17/06/2025;16/07/2025;37.90;EXPIRE
1506;599;TRIMESTRIEL;25/07/2025;22/10/2025;99.90;EXPIRE
1507;599;ANNUEL;03/11/2025;02/11/2026;349.90;ACTIF
1508;599;ANNUEL;08/11/2026;07/11/2027;349.90;EXPIRE
1509;600;ANNUEL;29/01/2025;28/01/2026;314.91;EXPIRE
1510;600;TRIMESTRIEL;04/02/2026;04/05/2026;99.90;EXPIRE
1511;600;ANNUEL;05/05/2026;04/05/2027;349.90;ACTIF
1513;601;MENSUEL;28/07/2025;26/08/2025;39.90;EXPIRE
1514;601;TRIMESTRIEL;02/09/2025;30/11/2025;89.91;EXPIRE
1515;601;MENSUEL;01/12/2025;30/12/2025;39.90;EXPIRE
1516;601;ANNUEL;11/01/2026;10/01/2027;349.90;ACTIF
1517;602;ANNUEL;18/05/2025;17/05/2026;314.91;EXPIRE
1518;602;ANNUEL;28/05/2026;27/05/2027;349.90;ACTIF
1519;603;ANNUEL;28/11/2024;27/11/2025;349.90;EXPIRE
1520;603;ANNUEL;30/11/2025;29/11/2026;349.90;ACTIF
1521;603;MENSUEL;05/12/2026;03/01/2027;39.90;EXPIRE
1524;605;ANNUEL;09/07/2026;02/01/2027;332.40;ANNULE
1525;606;ANNUEL;24/03/2025;23/03/2026;314.91;EXPIRE
1526;606;MENSUEL;24/03/2026;22/04/2026;37.90;EXPIRE
1527;606;ANNUEL;23/04/2026;15/12/2026;314.91;ANNULE
1528;607;ANNUEL;22/03/2025;21/03/2026;297.41;EXPIRE
1529;607;ANNUEL;02/04/2026;01/04/2027;349.90;ACTIF
1530;608;ANNUEL;18/12/2024;17/12/2025;349.90;EXPIRE
1531;608;ANNUEL;26/12/2025;02/06/2026;349.90;EXPIRE
1532;609;TRIMESTRIEL;22/05/2025;19/08/2025;99.90;EXPIRE
1533;609;TRIMESTRIEL;21/08/2025;18/11/2025;99.90;EXPIRE
1534;609;TRIMESTRIEL;26/11/2025;23/02/2026;84.92;EXPIRE
1535;609;ANNUEL;08/03/2026;07/03/2027;349.90;ACTIF
1537;610;MENSUEL;20/04/2025;19/05/2025;33.91;EXPIRE
1538;610;ANNUEL;28/05/2025;27/05/2026;349.90;EXPIRE
1539;610;ANNUEL;08/06/2026;07/06/2027;349.90;ACTIF
1540;611;ANNUEL;04/08/2026;03/08/2027;297.41;ACTIF
1541;612;ANNUEL;13/08/2026;12/08/2027;349.90;ACTIF
1542;613;ANNUEL;21/05/2026;20/05/2027;314.91;ACTIF
1543;614;ANNUEL;12/01/2026;11/01/2027;349.90;ACTIF
1544;615;ANNUEL;13/07/2025;15/02/2026;297.41;EXPIRE
1545;616;PREMIUM;17/12/2024;16/12/2025;424.91;EXPIRE
1546;616;MENSUEL;19/12/2025;17/01/2026;33.91;EXPIRE
1547;616;ANNUEL;30/01/2026;29/01/2027;349.90;ACTIF
1549;618;PREMIUM;06/03/2025;03/02/2026;474.90;EXPIRE
1550;619;PREMIUM;20/11/2025;27/03/2026;499.90;EXPIRE
1551;620;TRIMESTRIEL;25/07/2026;22/10/2026;84.92;ACTIF
1552;620;ANNUEL;29/10/2026;28/10/2027;314.91;EXPIRE
1553;621;TRIMESTRIEL;27/04/2025;25/07/2025;89.91;EXPIRE
1554;621;PREMIUM;28/07/2025;27/07/2026;474.90;EXPIRE
1555;621;TRIMESTRIEL;28/07/2026;25/10/2026;94.91;ACTIF
1556;621;ANNUEL;29/10/2026;28/10/2027;349.90;EXPIRE
1557;622;MENSUEL;15/04/2025;14/05/2025;39.90;EXPIRE
1558;622;PREMIUM;26/05/2025;25/05/2026;474.90;EXPIRE
1559;622;ANNUEL;28/05/2026;27/05/2027;332.40;ACTIF
1562;623;ANNUEL;14/07/2025;13/07/2026;297.41;EXPIRE
1563;623;PREMIUM;24/07/2026;24/09/2026;499.90;ANNULE
1564;624;PREMIUM;23/04/2026;22/04/2027;499.90;ACTIF
1565;625;PREMIUM;14/03/2025;13/03/2026;449.91;EXPIRE
1566;625;MENSUEL;22/03/2026;20/04/2026;39.90;EXPIRE
1567;625;TRIMESTRIEL;25/04/2026;23/07/2026;84.92;EXPIRE
1568;625;MENSUEL;24/07/2026;22/08/2026;39.90;EXPIRE
1569;625;MENSUEL;31/08/2026;29/09/2026;39.90;ACTIF
1570;625;PREMIUM;10/10/2026;09/10/2027;424.91;EXPIRE
1571;626;TRIMESTRIEL;14/05/2025;11/08/2025;89.91;EXPIRE
1572;626;TRIMESTRIEL;16/08/2025;13/11/2025;84.92;EXPIRE
1573;626;PREMIUM;21/11/2025;26/03/2026;499.90;EXPIRE
1574;627;PREMIUM;31/12/2025;30/12/2026;424.91;ACTIF
1575;628;ANNUEL;18/11/2025;17/11/2026;349.90;ACTIF
1576;628;ANNUEL;27/11/2026;26/11/2027;332.40;EXPIRE
1577;629;ANNUEL;25/08/2026;24/08/2027;297.41;ACTIF
1578;630;PREMIUM;30/03/2025;29/03/2026;499.90;EXPIRE
1579;630;ANNUEL;02/04/2026;01/04/2027;349.90;ACTIF
1581;631;MENSUEL;26/12/2024;24/01/2025;39.90;EXPIRE
1582;631;PREMIUM;02/02/2025;01/02/2026;499.90;EXPIRE
1583;631;MENSUEL;03/02/2026;04/03/2026;33.91;EXPIRE
1584;631;ANNUEL;11/03/2026;10/03/2027;332.40;ACTIF
1585;632;ANNUEL;01/02/2025;31/01/2026;349.90;EXPIRE
1586;632;TRIMESTRIEL;03/02/2026;03/05/2026;99.90;EXPIRE
1587;632;ANNUEL;15/05/2026;14/05/2027;349.90;ACTIF
1588;634;TRIMESTRIEL;02/05/2025;30/07/2025;94.91;EXPIRE
1589;634;PREMIUM;03/08/2025;02/08/2026;474.90;EXPIRE
1590;634;PREMIUM;14/08/2026;13/08/2027;474.90;ACTIF
1591;635;PREMIUM;25/03/2025;24/03/2026;474.90;EXPIRE
1592;635;ANNUEL;30/03/2026;29/03/2027;332.40;ACTIF
1594;636;MENSUEL;18/07/2025;16/08/2025;39.90;EXPIRE
1595;636;TRIMESTRIEL;22/08/2025;19/11/2025;99.90;EXPIRE
1596;636;ANNUEL;24/11/2025;15/03/2026;297.41;EXPIRE
1597;637;PREMIUM;07/01/2026;06/01/2027;424.91;ACTIF
1598;638;ANNUEL;01/06/2026;31/05/2027;349.90;ACTIF
1599;639;ANNUEL;04/08/2025;03/08/2026;349.90;EXPIRE
1600;639;ANNUEL;04/08/2026;10/10/2026;314.91;ANNULE
1601;640;TRIMESTRIEL;01/12/2024;28/02/2025;89.91;EXPIRE
1602;640;ANNUEL;10/03/2025;09/03/2026;349.90;EXPIRE
1603;640;TRIMESTRIEL;16/03/2026;13/06/2026;99.90;EXPIRE
1604;640;MENSUEL;20/06/2026;19/07/2026;39.90;EXPIRE
1605;640;MENSUEL;01/08/2026;30/08/2026;39.90;EXPIRE
1606;640;TRIMESTRIEL;07/09/2026;05/12/2026;84.92;ACTIF
1607;641;ANNUEL;20/03/2026;19/03/2027;332.40;ACTIF
1609;642;ANNUEL;20/07/2026;19/07/2027;297.41;ACTIF
1610;643;PREMIUM;10/03/2025;09/03/2026;499.90;EXPIRE
1611;643;TRIMESTRIEL;14/03/2026;11/06/2026;84.92;EXPIRE
1612;643;PREMIUM;24/06/2026;23/06/2027;424.91;ACTIF
1613;644;ANNUEL;27/12/2024;26/12/2025;332.40;EXPIRE
1614;644;ANNUEL;31/12/2025;30/12/2026;332.40;ACTIF
1615;645;ANNUEL;19/07/2026;18/07/2027;332.40;ACTIF
1616;646;PREMIUM;21/07/2026;20/07/2027;499.90;ACTIF
1617;647;ANNUEL;21/03/2025;20/03/2026;297.41;EXPIRE
1618;647;ANNUEL;23/03/2026;22/03/2027;297.41;ACTIF
1619;648;TRIMESTRIEL;27/10/2024;24/01/2025;99.90;EXPIRE
1620;648;MENSUEL;31/01/2025;01/03/2025;37.90;EXPIRE
1621;648;PREMIUM;09/03/2025;08/03/2026;499.90;EXPIRE
1622;648;TRIMESTRIEL;16/03/2026;13/06/2026;89.91;EXPIRE
1623;648;ANNUEL;22/06/2026;21/06/2027;349.90;ACTIF
1624;649;ANNUEL;07/08/2026;26/09/2026;314.91;ANNULE
1625;650;TRIMESTRIEL;26/11/2024;23/02/2025;84.92;EXPIRE
1626;650;PREMIUM;28/02/2025;27/02/2026;499.90;EXPIRE
1627;650;PREMIUM;04/03/2026;03/03/2027;499.90;ACTIF
1628;651;ANNUEL;18/03/2025;17/03/2026;349.90;EXPIRE
1629;651;ANNUEL;30/03/2026;29/03/2027;332.40;ACTIF
1630;652;MENSUEL;13/08/2026;11/09/2026;33.91;EXPIRE
1631;652;PREMIUM;19/09/2026;18/09/2027;499.90;EXPIRE
1632;652;ANNUEL;26/07/2026;25/07/2027;349.90;ACTIF
1633;653;MENSUEL;09/04/2025;08/05/2025;37.90;EXPIRE
1634;653;MENSUEL;17/05/2025;15/06/2025;39.90;EXPIRE
1635;653;MENSUEL;25/06/2025;24/07/2025;35.91;EXPIRE
1636;653;MENSUEL;29/07/2025;27/08/2025;33.91;EXPIRE
1637;653;ANNUEL;01/09/2025;31/08/2026;332.40;EXPIRE
1638;653;ANNUEL;05/09/2026;04/09/2027;314.91;ACTIF
1639;655;PREMIUM;06/04/2025;05/04/2026;499.90;EXPIRE
1640;655;TRIMESTRIEL;14/04/2026;12/07/2026;84.92;EXPIRE
1641;655;MENSUEL;21/07/2026;19/08/2026;39.90;EXPIRE
1642;655;MENSUEL;22/08/2026;23/08/2026;35.91;EXPIRE
1643;656;PREMIUM;29/04/2025;28/04/2026;499.90;EXPIRE
1644;656;TRIMESTRIEL;06/05/2026;03/08/2026;84.92;EXPIRE
1645;656;PREMIUM;12/08/2026;11/08/2027;499.90;ACTIF
1646;657;MENSUEL;02/04/2025;01/05/2025;39.90;EXPIRE
1647;657;ANNUEL;14/05/2025;13/05/2026;332.40;EXPIRE
1648;657;MENSUEL;14/05/2026;12/06/2026;35.91;EXPIRE
1649;657;MENSUEL;21/06/2026;20/07/2026;39.90;EXPIRE
1650;657;MENSUEL;29/07/2026;27/08/2026;37.90;EXPIRE
1651;657;MENSUEL;05/09/2026;04/10/2026;37.90;ACTIF
1652;658;ANNUEL;14/10/2024;13/10/2025;332.40;EXPIRE
1653;658;PREMIUM;21/10/2025;20/10/2026;449.91;ACTIF
1654;658;ANNUEL;27/10/2026;26/10/2027;332.40;EXPIRE
1655;659;ANNUEL;31/05/2025;30/05/2026;349.90;EXPIRE
1656;659;TRIMESTRIEL;02/06/2026;30/08/2026;99.90;EXPIRE
1657;659;ANNUEL;31/08/2026;30/08/2027;349.90;ACTIF
1658;660;MENSUEL;17/02/2025;18/03/2025;35.91;EXPIRE
1659;660;PREMIUM;24/03/2025;23/03/2026;424.91;EXPIRE
1660;660;ANNUEL;27/03/2026;26/03/2027;314.91;ACTIF
1662;661;TRIMESTRIEL;08/11/2024;05/02/2025;94.91;EXPIRE
1663;661;MENSUEL;16/02/2025;17/03/2025;39.90;EXPIRE
1664;661;PREMIUM;27/03/2025;26/03/2026;474.90;EXPIRE
1665;661;ANNUEL;31/03/2026;30/03/2027;314.91;ACTIF
1666;662;TRIMESTRIEL;05/11/2025;02/02/2026;99.90;EXPIRE
1667;662;ANNUEL;04/02/2026;03/02/2027;349.90;ACTIF
1669;663;TRIMESTRIEL;02/12/2024;01/03/2025;94.91;EXPIRE
1670;663;ANNUEL;02/03/2025;01/03/2026;349.90;EXPIRE
1671;663;ANNUEL;10/03/2026;04/06/2026;297.41;EXPIRE
1672;664;ANNUEL;10/08/2026;01/10/2026;314.91;ANNULE
1673;665;MENSUEL;28/05/2025;26/06/2025;39.90;EXPIRE
1674;665;ANNUEL;30/06/2025;29/06/2026;349.90;EXPIRE
1675;665;ANNUEL;04/07/2026;03/07/2027;349.90;ACTIF
1676;666;ANNUEL;24/03/2026;23/03/2027;349.90;ACTIF
1677;667;PREMIUM;02/10/2025;28/08/2026;499.90;EXPIRE
1678;668;ANNUEL;11/05/2025;10/05/2026;332.40;EXPIRE
1679;668;TRIMESTRIEL;21/05/2026;18/08/2026;99.90;EXPIRE
1680;668;MENSUEL;24/08/2026;22/09/2026;37.90;ACTIF
1681;668;MENSUEL;03/10/2026;01/11/2026;39.90;EXPIRE
1682;668;ANNUEL;07/11/2026;06/11/2027;349.90;EXPIRE
1683;669;ANNUEL;02/08/2026;01/08/2027;297.41;ACTIF
1684;670;ANNUEL;31/05/2025;30/05/2026;349.90;EXPIRE
1685;670;PREMIUM;07/06/2026;27/01/2027;499.90;ANNULE
1686;671;ANNUEL;04/04/2026;03/04/2027;297.41;ACTIF
1687;672;TRIMESTRIEL;06/10/2025;03/01/2026;99.90;EXPIRE
1688;672;MENSUEL;08/01/2026;06/02/2026;35.91;EXPIRE
1689;672;ANNUEL;13/02/2026;06/09/2026;332.40;EXPIRE
1690;673;TRIMESTRIEL;30/11/2024;27/02/2025;99.90;EXPIRE
1691;673;ANNUEL;01/03/2025;28/02/2026;314.91;EXPIRE
1692;673;MENSUEL;13/03/2026;11/04/2026;37.90;EXPIRE
1693;673;ANNUEL;24/04/2026;14/06/2026;332.40;EXPIRE
1694;674;ANNUEL;17/01/2025;16/01/2026;332.40;EXPIRE
1695;674;MENSUEL;22/01/2026;20/02/2026;39.90;EXPIRE
1696;674;PREMIUM;04/03/2026;13/04/2026;424.91;EXPIRE
1697;675;ANNUEL;19/11/2025;18/11/2026;349.90;ACTIF
1698;675;MENSUEL;21/11/2026;20/12/2026;39.90;EXPIRE
1699;675;ANNUEL;29/12/2026;28/12/2027;297.41;EXPIRE
1700;676;ANNUEL;11/01/2026;10/01/2027;332.40;ACTIF
1701;677;ANNUEL;17/08/2026;16/08/2027;349.90;ACTIF
1702;678;TRIMESTRIEL;11/10/2024;08/01/2025;99.90;EXPIRE
1703;678;MENSUEL;10/01/2025;08/02/2025;39.90;EXPIRE
1704;678;TRIMESTRIEL;17/02/2025;17/05/2025;84.92;EXPIRE
1705;678;PREMIUM;28/05/2025;27/05/2026;499.90;EXPIRE
1706;678;MENSUEL;02/06/2026;01/07/2026;33.91;EXPIRE
1707;678;ANNUEL;08/07/2026;07/07/2027;314.91;ACTIF
1708;679;TRIMESTRIEL;30/05/2026;27/08/2026;99.90;EXPIRE
1709;679;ANNUEL;05/09/2026;04/09/2027;349.90;ACTIF
1710;680;ANNUEL;08/06/2026;07/06/2027;297.41;ACTIF
1711;681;PREMIUM;28/07/2026;27/07/2027;499.90;ACTIF
1712;682;ANNUEL;18/10/2025;17/10/2026;349.90;ACTIF
1713;682;ANNUEL;21/10/2026;20/10/2027;297.41;EXPIRE
1714;683;PREMIUM;14/05/2025;13/05/2026;424.91;EXPIRE
1715;683;ANNUEL;22/05/2026;21/05/2027;349.90;ACTIF
1716;684;ANNUEL;03/03/2025;02/03/2026;297.41;EXPIRE
1717;684;ANNUEL;12/03/2026;11/03/2027;349.90;ACTIF
1718;685;ANNUEL;13/10/2024;12/10/2025;349.90;EXPIRE
1719;685;ANNUEL;21/10/2025;20/10/2026;297.41;ACTIF
1720;685;ANNUEL;01/11/2026;31/10/2027;332.40;EXPIRE
1721;686;MENSUEL;11/01/2025;09/02/2025;39.90;EXPIRE
1722;686;TRIMESTRIEL;20/02/2025;20/05/2025;99.90;EXPIRE
1723;686;ANNUEL;01/06/2025;31/05/2026;297.41;EXPIRE
1724;686;ANNUEL;04/06/2026;03/06/2027;297.41;ACTIF
1725;687;PREMIUM;19/04/2025;18/04/2026;474.90;EXPIRE
1726;687;TRIMESTRIEL;23/04/2026;21/07/2026;94.91;EXPIRE
1727;687;PREMIUM;25/07/2026;24/07/2027;424.91;ACTIF
1728;688;ANNUEL;26/02/2025;25/02/2026;349.90;EXPIRE
1729;688;PREMIUM;28/02/2026;02/04/2026;499.90;EXPIRE
1730;689;ANNUEL;23/01/2026;22/01/2027;297.41;ACTIF
1731;690;TRIMESTRIEL;04/04/2025;02/07/2025;94.91;EXPIRE
1732;690;ANNUEL;13/07/2025;12/07/2026;297.41;EXPIRE
1733;690;TRIMESTRIEL;20/07/2026;17/10/2026;99.90;ACTIF
1734;690;PREMIUM;22/10/2026;21/10/2027;499.90;EXPIRE
1735;691;PREMIUM;27/01/2025;26/01/2026;449.91;EXPIRE
1736;691;ANNUEL;02/02/2026;01/02/2027;332.40;ACTIF
1737;692;ANNUEL;24/04/2025;23/04/2026;349.90;EXPIRE
1738;692;PREMIUM;05/05/2026;04/05/2027;424.91;ACTIF
1739;693;ANNUEL;21/05/2025;20/05/2026;297.41;EXPIRE
1740;693;PREMIUM;30/05/2026;29/05/2027;474.90;ACTIF
1741;695;PREMIUM;13/01/2026;28/10/2026;449.91;ANNULE
1742;696;PREMIUM;18/11/2025;02/07/2026;424.91;EXPIRE
1743;697;ANNUEL;19/08/2026;18/08/2027;349.90;ACTIF
1744;698;TRIMESTRIEL;03/08/2026;31/10/2026;99.90;ACTIF
1745;698;TRIMESTRIEL;11/11/2026;08/02/2027;99.90;EXPIRE
1747;699;ANNUEL;29/09/2025;28/09/2026;332.40;ACTIF
1748;699;PREMIUM;05/10/2026;04/10/2027;474.90;EXPIRE
1749;700;ANNUEL;31/03/2025;30/03/2026;297.41;EXPIRE
1750;700;PREMIUM;09/04/2026;27/04/2026;499.90;EXPIRE
1751;701;ANNUEL;26/03/2025;25/03/2026;332.40;EXPIRE
1752;701;ANNUEL;27/03/2026;26/03/2027;297.41;ACTIF
1753;702;ANNUEL;07/01/2025;06/01/2026;349.90;EXPIRE
1754;702;ANNUEL;07/01/2026;06/01/2027;349.90;ACTIF
1755;703;TRIMESTRIEL;10/08/2025;07/11/2025;99.90;EXPIRE
1756;703;TRIMESTRIEL;10/11/2025;07/02/2026;99.90;EXPIRE
1757;703;ANNUEL;14/02/2026;13/02/2027;332.40;ACTIF
1759;704;ANNUEL;08/04/2026;07/04/2027;349.90;ACTIF
1760;705;MENSUEL;03/07/2026;05/07/2026;33.91;EXPIRE
1761;706;MENSUEL;25/01/2025;23/02/2025;37.90;EXPIRE
1762;706;TRIMESTRIEL;03/03/2025;31/05/2025;94.91;EXPIRE
1763;706;PREMIUM;08/06/2025;07/06/2026;499.90;EXPIRE
1764;706;TRIMESTRIEL;08/06/2026;05/09/2026;99.90;EXPIRE
1765;706;ANNUEL;07/09/2026;06/09/2027;349.90;ACTIF
1766;707;ANNUEL;08/12/2025;07/12/2026;349.90;ACTIF
1767;708;MENSUEL;25/07/2025;23/08/2025;37.90;EXPIRE
1768;708;ANNUEL;28/08/2025;27/08/2026;314.91;EXPIRE
1769;708;ANNUEL;02/09/2026;01/09/2027;349.90;ACTIF
1770;709;ANNUEL;21/04/2025;20/04/2026;332.40;EXPIRE
1771;709;MENSUEL;01/05/2026;30/05/2026;39.90;EXPIRE
1772;709;MENSUEL;03/06/2026;02/07/2026;33.91;EXPIRE
1773;709;MENSUEL;09/07/2026;07/08/2026;35.91;EXPIRE
1774;709;ANNUEL;08/08/2026;07/08/2027;349.90;ACTIF
1775;710;PREMIUM;29/08/2026;28/08/2027;474.90;ACTIF
1776;711;PREMIUM;30/04/2025;29/04/2026;499.90;EXPIRE
1777;711;PREMIUM;04/05/2026;03/05/2027;449.91;ACTIF
1778;712;PREMIUM;19/04/2026;18/04/2027;424.91;ACTIF
1779;713;ANNUEL;21/03/2026;20/03/2027;349.90;ACTIF
1781;714;ANNUEL;12/02/2026;11/02/2027;349.90;ACTIF
1783;715;ANNUEL;12/03/2026;11/03/2027;297.41;ACTIF
1785;716;PREMIUM;27/10/2025;26/02/2026;499.90;EXPIRE
1786;717;MENSUEL;24/12/2024;22/01/2025;39.90;EXPIRE
1787;717;ANNUEL;28/01/2025;27/01/2026;332.40;EXPIRE
1788;717;ANNUEL;09/02/2026;08/02/2027;297.41;ACTIF
1790;718;ANNUEL;06/02/2026;05/02/2027;349.90;ACTIF
1795;719;ANNUEL;16/09/2025;15/09/2026;349.90;EXPIRE
1796;719;TRIMESTRIEL;23/09/2026;21/12/2026;89.91;EXPIRE
1797;719;ANNUEL;26/08/2026;25/08/2027;349.90;ACTIF
1798;720;MENSUEL;30/03/2026;28/04/2026;39.90;EXPIRE
1799;720;TRIMESTRIEL;02/05/2026;30/07/2026;99.90;EXPIRE
1800;720;ANNUEL;11/08/2026;10/08/2027;349.90;ACTIF
1801;721;TRIMESTRIEL;07/10/2024;04/01/2025;99.90;EXPIRE
1802;721;ANNUEL;15/01/2025;14/01/2026;349.90;EXPIRE
1803;721;PREMIUM;15/01/2026;14/01/2027;474.90;ACTIF
1804;722;MENSUEL;14/10/2024;12/11/2024;35.91;EXPIRE
1805;722;MENSUEL;17/11/2024;16/12/2024;37.90;EXPIRE
1806;722;ANNUEL;25/12/2024;24/12/2025;314.91;EXPIRE
1807;722;PREMIUM;06/01/2026;05/01/2027;424.91;ACTIF
1809;723;ANNUEL;02/01/2025;01/01/2026;349.90;EXPIRE
1810;723;ANNUEL;03/01/2026;02/01/2027;332.40;ACTIF
1811;724;TRIMESTRIEL;16/02/2025;16/05/2025;99.90;EXPIRE
1812;724;ANNUEL;28/05/2025;27/05/2026;332.40;EXPIRE
1813;724;ANNUEL;29/05/2026;28/05/2027;349.90;ACTIF
1814;725;TRIMESTRIEL;17/11/2024;14/02/2025;94.91;EXPIRE
1815;725;ANNUEL;26/02/2025;25/02/2026;314.91;EXPIRE
1816;725;ANNUEL;03/03/2026;02/03/2027;297.41;ACTIF
1818;726;ANNUEL;16/11/2025;04/01/2026;349.90;EXPIRE
1819;727;TRIMESTRIEL;14/06/2026;11/09/2026;99.90;EXPIRE
1820;727;ANNUEL;18/09/2026;17/09/2027;349.90;ACTIF
1821;728;MENSUEL;08/02/2025;09/03/2025;33.91;EXPIRE
1822;728;MENSUEL;12/03/2025;10/04/2025;39.90;EXPIRE
1823;728;TRIMESTRIEL;17/04/2025;15/07/2025;94.91;EXPIRE
1824;728;PREMIUM;20/07/2025;19/07/2026;474.90;EXPIRE
1825;728;ANNUEL;28/07/2026;27/07/2027;349.90;ACTIF
1826;729;TRIMESTRIEL;07/11/2024;04/02/2025;89.91;EXPIRE
1827;729;ANNUEL;15/02/2025;14/02/2026;349.90;EXPIRE
1828;729;ANNUEL;16/02/2026;15/02/2027;349.90;ACTIF
1830;730;ANNUEL;22/03/2025;21/03/2026;349.90;EXPIRE
1831;730;PREMIUM;25/03/2026;24/03/2027;499.90;ACTIF
1832;731;ANNUEL;13/06/2026;12/06/2027;332.40;ACTIF
1833;732;ANNUEL;20/06/2025;19/06/2026;349.90;EXPIRE
1834;732;ANNUEL;25/06/2026;24/06/2027;314.91;ACTIF
1835;734;MENSUEL;29/12/2024;27/01/2025;39.90;EXPIRE
1836;734;TRIMESTRIEL;02/02/2025;02/05/2025;99.90;EXPIRE
1837;734;PREMIUM;13/05/2025;12/05/2026;499.90;EXPIRE
1838;734;PREMIUM;25/05/2026;10/08/2026;474.90;EXPIRE
1839;735;TRIMESTRIEL;25/03/2026;22/06/2026;84.92;EXPIRE
1840;735;MENSUEL;05/07/2026;03/08/2026;33.91;EXPIRE
1841;735;TRIMESTRIEL;11/08/2026;08/11/2026;99.90;ACTIF
1842;735;ANNUEL;14/11/2026;13/11/2027;349.90;EXPIRE
1843;736;ANNUEL;20/12/2024;19/12/2025;349.90;EXPIRE
1844;736;ANNUEL;25/12/2025;24/12/2026;314.91;ACTIF
1847;737;ANNUEL;31/03/2026;30/03/2027;314.91;ACTIF
1848;738;ANNUEL;10/04/2025;09/04/2026;349.90;EXPIRE
1849;738;ANNUEL;16/04/2026;15/04/2027;332.40;ACTIF
1851;739;ANNUEL;22/05/2025;21/05/2026;314.91;EXPIRE
1852;739;TRIMESTRIEL;03/06/2026;31/08/2026;99.90;EXPIRE
1853;739;PREMIUM;04/09/2026;03/09/2027;474.90;ACTIF
1854;740;ANNUEL;29/11/2024;28/11/2025;349.90;EXPIRE
1855;740;ANNUEL;04/12/2025;03/12/2026;332.40;ACTIF
1856;741;TRIMESTRIEL;09/11/2025;06/02/2026;94.91;EXPIRE
1857;741;ANNUEL;13/02/2026;12/02/2027;297.41;ACTIF
1858;742;MENSUEL;28/03/2025;26/04/2025;39.90;EXPIRE
1859;742;ANNUEL;01/05/2025;30/04/2026;332.40;EXPIRE
1860;742;ANNUEL;10/05/2026;09/05/2027;349.90;ACTIF
1861;743;ANNUEL;17/11/2025;02/08/2026;349.90;EXPIRE
1862;744;TRIMESTRIEL;30/11/2024;27/02/2025;94.91;EXPIRE
1863;744;ANNUEL;06/03/2025;05/03/2026;349.90;EXPIRE
1864;744;ANNUEL;14/03/2026;13/03/2027;314.91;ACTIF
1866;745;ANNUEL;20/10/2024;19/10/2025;297.41;EXPIRE
1867;745;TRIMESTRIEL;27/10/2025;24/01/2026;84.92;EXPIRE
1868;745;TRIMESTRIEL;28/01/2026;27/04/2026;99.90;EXPIRE
1869;745;ANNUEL;02/05/2026;01/05/2027;297.41;ACTIF
1870;746;ANNUEL;21/12/2024;20/12/2025;332.40;EXPIRE
1871;746;ANNUEL;26/12/2025;25/12/2026;314.91;ACTIF
1872;746;ANNUEL;30/12/2026;29/12/2027;349.90;EXPIRE
1873;747;TRIMESTRIEL;24/04/2025;22/07/2025;89.91;EXPIRE
1874;747;MENSUEL;31/07/2025;29/08/2025;39.90;EXPIRE
1875;747;ANNUEL;31/08/2025;30/08/2026;349.90;EXPIRE
1876;747;MENSUEL;31/08/2026;29/09/2026;39.90;ACTIF
1877;747;TRIMESTRIEL;30/09/2026;28/12/2026;94.91;EXPIRE
1878;747;PREMIUM;29/12/2026;28/12/2027;499.90;EXPIRE
1879;748;ANNUEL;03/09/2025;02/09/2026;349.90;EXPIRE
1880;748;ANNUEL;07/09/2026;06/09/2027;349.90;ACTIF
1881;749;PREMIUM;27/01/2025;26/01/2026;499.90;EXPIRE
1882;749;PREMIUM;06/02/2026;05/02/2027;474.90;ACTIF
1884;750;ANNUEL;22/06/2025;19/02/2026;349.90;EXPIRE
